"CRN","AXLE_CNT","CARGO_BD_TYPE","CARRIER_ADDR_1","CARRIER_ADDR_2","CARRIER_ADDR_CITY","CARRIER_ADDR_STATE","CARRIER_ADDR_ZIP","CARRIER_NM","CARRIER_TEL","GVWR","HAZMAT_CD1","HAZMAT_CD2","HAZMAT_CD3","HAZMAT_CD4","HAZMAT_IND","HAZMAT_REL_IND1","HAZMAT_REL_IND2","HAZMAT_REL_IND3","HAZMAT_REL_IND4","ICC_NUM","OSIZE_LOAD_IND","PUC_NUM","UNIT_NUM","USDOT_NUM","VEH_CONFIG_CD"
2012026946,"05","1","2101 DEEBY DR","","CINNAMINSON","NJ","08077","LA ROBINSON TRUCKING","8567868480","008000","","","","","","","","","","","N","","1","01420271","08"
2012034747,"99","1","1431 BROAD ST","","DRESHER","PA","19025","NDV SCRAP METAL INC","9999999999","073280","","","","","N","","","","","","N","","2","","05"
2012036957,"99","8","1234 MARKET PLACE,14TH","","PHILADELPHIA","PA","19107","SEPTA","9999999999","999999","","","","","N","","","","","","N","","2","","11"
2012041496,"99","8","1234 MARKET STREET,14TH","","PHILADELPHIA","PA","19107","SEPTA","9999999999","999999","","","","","N","","","","","","N","","1","","11"
2012041791,"99","9","UNKNOWN","","UNKNOWN","ZZ","99999","MORRISVILLE SWEEPING INC","9999999999","999999","","","","","","","","","","999999999","N","","2","99999999","05"
2012042436,"02","3","1001 INDUSTRIAL HWY, BU","","EDDYSTONE","PA","19022","MCJUNKIN RED MAN CORP","9999999999","025950","","","","","N","","","","","","N","","2","00085655","03"
2012042556,"99","1","5400 GRAYS AVE","","PHILADELPHIA","PA","19143","BARTASH PRINTING INC","9999999999","053220","","","","","N","","","","","","N","","1","","05"
2012042561,"05","1","901NORTH LIBERTY","901 KANSAS AVE","NORTH LIBERTY","IA","52317","HEARTLAND EXPRESS OF IOWA","9999999999","068000","","","","","N","","","","","","N","","1","00134697","08"
2012047165,"99","9","UNKNOWN","","UNKNOWN","ZZ","99999","UNKNOWN","9999999999","999999","","","","","N","","","","","","","","1","","99"
2012048151,"99","1","1592 RT 38 PO BOX 619","","LUMBERTON","NJ","08048","MILLER AUTO LEASING","9999999999","999999","","","","","N","","","","","","N","","1","","05"
2012048219,"03","8","3740 E THOMPSON ST","","PHILA","PA","19137","ATLANTIC EXPRESS OF PA","2155375405","026010","","","","","N","","","","","","N","A-00111639","1","","11"
2012050190,"99","1","8275 US ROUTE 130 SOUTH","","PENNSAUKEN","NJ","08110","CANADA DRY DELAWARE VALLEY BTLG","9999999999","999999","","","","","N","","","","","","N","","3","","08"
2012065409,"02","8","1234 MARKET ST","","PHILA","PA","19101","SEPTA","2155804195","037920","","","","","N","","","","","","N","","2","00010206","11"
2012066485,"99","8","1234 MARKET ST 14TH FL","","PHILADELPHIA","PA","19107","SEPTA","9999999999","999999","","","","","N","","","","","","N","","2","","11"
2012067334,"02","1","3310 - 75TH AV","","LANDOVER","MD","20785","KEANY PRDUCE","3017723333","026000","","","","","N","","","","","","N","","1","00404782","03"
2012068854,"99","8","13420 DAMAR DR STE M","","PHILADELPHIA","PA","19116","CLASS ONE BUS COMPANY INC","9999999999","","","","","","N","","","","","","N","","1","99999999","11"
2012071426,"02","8","6821 NORWITCH DRIVE","","PHILADELPHIA","PA","19153","ALL CITY TRANSPORTATION","2679399305","","","","","","N","","","","","","N","","3","","10"
2012073638,"99","8","1234 MARKET","","PHILADELPHIA","PA","19107","SEPTA","2155807853","999999","","","","","N","","","","","","N","","1","","11"
2012074439,"02","1","1120 INDUSTRIAL BLVD","","SOUTH HAMPTON","PA","18966","STERICYCLE","8888798107","025999","","","","","N","","","","","","N","","2","00703440","09"
2012077904,"05","9","5300 LINDBERGH BLVD","","PHILADEPHIA","PA","19143","SHIELD TRANSPORATION INC","8564627793","080000","","","","","N","","","","","","N","","1","00740810","09"
2012078996,"99","7","100 S BROAD ST,3RD FLOO","","PHILADELPHIA","PA","19110","CITY OF PHILA","9999999999","034700","","","","","N","","","","","","N","","1","99999999","05"
2012078996,"99","8","1234 MARKET ST 14TH FL","","PHILADELPHIA","PA","19107","SEPTA","9999999999","","","","","","N","","","","","","N","","2","99999999","10"
2012079373,"99","1","RT 10 GREEN HILLS","","READING","PA","19603","PENSKE TRUCK LEAS","8669999504","012300","","","","","N","","","","","","N","","2","00327547","99"
2012083007,"99","8","1234 MARKET ST","","PHILADELPHIA","PA","19107","SEPTA","9999999999","999999","","","","","N","","","","","","N","","2","","11"
2012083160,"99","9","1050 SWEDESFORD RD","","BERWYN","PA","19312","PECO ENERGY CO","9999999999","019000","","","","","N","","","","","","N","","1","","05"
2012084667,"04","4","2650 AUDUBON RD.","","NORRISTOWN","PA","19403","SOLID WAASTE SERVICES INC DBA JP","2679715475","073280","","","","","N","","","","","","N","","3","00454743","04"
2012089216,"05","1","3190  S 70TH ST, ROOM 2","","PHILADELPHIA","PA","19153","UNITED STATE POSTAL SERVICE","2158635396","080000","","","","","N","","","","","","N","","2","","08"
2012089586,"03","8","ONE PENN PLAZA","","NEWARK","NJ","07105","NJ TRANSIT CORP","9734919400","","","","","","N","","","","","","N","","1","","11"
2012095407,"99","9","250 ROCK HILL RD","","BALA-CYNWYD","PA","19004","FLEETWAY CAPITAL CORP","9999999999","999999","","","","","N","","","","","","N","","2","","05"
2012104184,"02","8","1234 MARKET ST 54MST","","PHILA","PA","19107","SEPTA","9999999999","999999","","","","","N","","","","","","N","","1","","11"
2012104237,"99","8","1234 MARKET","","PHILA","PA","19107","SEPTA","9999999999","999999","","","","","N","","","","","","N","","1","","11"
2012111813,"99","9","100 S BROAD ST,3RD FLOO","","PHILADELPHIA","PA","19110","CITY OF PHILADELPHIA","9999999999","023000","","","","","","","","","","","U","","2","","05"
2012112646,"05","1","1511 W LINCOLN AVE","","PEORIA","IL","61653","INTERSTATE BRANDS CORP","2159691950","999999","","","","","N","","","","","","N","","2","","08"
2012117216,"99","8","UNKNOWN","","UNKNOWN","ZZ","99999","UNKNOWN","9999999999","999999","","","","","N","","","","","","N","","1","","11"
2012117896,"03","8","1234 MARKET ST","","PHILADELHIA","PA","19107","TRENTON-PHILADELPHIA COACH CO.","2155807947","066600","","","","","N","","","","","","N","","1","00010206","11"
2012121422,"02","4","733 WILLOWGROVE AVE","","GLENSIDE","PA","19038","GREENSCAPE LANDSCAPING CONTRACTO","2158817103","025999","","","","","N","","","","","","N","","1","01000137","03"
2012127753,"99","9","1050 SWEDESFORD","","BERWYN","PA","19312","PECO ENERGY","6108326531","011400","","","","","N","","","","","","U","","2","00041507","99"
2013003688,"","9","UNKNOWN","","UNKNOWN","ZZ","99999","UNKNOWN","9999999999","","","","","","","","","","","","","","1","","99"
2013003921,"02","8","1234 MARKET ST","14TH FL","PHILADELPHIA","PA","19107","SOUTHEAST PA TRANS AUTHORITY","2155803100","","","","","","N","","","","","","N","","2","99999999","11"
2013006115,"02","8","1234 MARKET ST","","PHILADELPHIA","PA","19107","SEPTA","9999999999","","","","","","N","","","","","","N","","1","","11"
2013006716,"99","8","1234 MARKET ST 14TH ST","","PHILADELPHIA","PA","19170","SEPTA","9999999999","","","","","","N","","","","","","N","","1","","11"
2013006734,"99","8","1234 MARKET STREET,14TH","","PHILADELPHIA","PA","19107","SEPTA","9999999999","","","","","","N","","","","","","N","","1","","11"
2013006917,"99","7","100 S BROAD ST,3RD FL","","PHILADELPHIA","PA","19110","CITY OF PHILADELPHIA","9999999999","","","","","","N","","","","","","N","","1","99999999","09"
2013012021,"99","1","47 HERSHEL ST","","FEASTERVILLE","PA","19053","CUNDARI TRUCKING","9999999999","054000","","","","","N","","","","","","N","","2","","08"
2013015580,"05","3","300 HANSEN ACCESS ROAD","","KING OF PRUSSIA","PA","19406","VIMCO INC","9999999999","080000","","","","","N","","","","","","N","","1","00176228","08"
2012009828,"99","1","936 BRISTOL PIKE","","BENSALEM","PA","19020","MILLVOIS FIRESTONE","2152441116","011500","","","","","N","","","","","999999999","N","","3","01092543","02"
2012013411,"03","9","PO BOX 27728","","SALT LAKE CITY","UT","84127","C R ENGLAND","8019722712","080000","","","","","N","","","","","","N","","2","00028406","05"
2012015466,"99","8","1234 MARKET ST 14TH FL","","PHILADELPHIA","PA","19107","SEPTA","9999999999","999999","","","","","","","","","","999999999","N","","2","99999999","11"
2012024287,"99","8","UNKNOWN","","UNKNOWN","ZZ","99999","UNKNOWN","9999999999","","","","","","N","","","","","","U","","3","99999999","11"
2012032509,"99","8","1234 MARKET ST 14TH FL","","PHILADELPHIA","PA","19107","SEPTA","9999999999","999999","","","","","N","","","","","","N","","1","","11"
2012032540,"99","1","56 POPLAR ST 1ST FL","","JERSEY CITY","NJ","07307","RAJPAL SINGH","9999999999","999999","","","","","N","","","","","","N","","2","","08"
2012034618,"99","8","1234 MARKET ST,14TH FL","","PHILADELPHIA","PA","19107","SEPTA","9999999999","999999","","","","","N","","","","","","N","","1","","11"
2012036875,"99","1","5275 TILGHMAN ST","","ALLENTOWN","PA","18104","PRAXAIR DISTRIBUTION MID ATLAN","9999999999","033000","","","","","N","","","","","","N","","2","","05"
2012039822,"99","8","1234 MARKET ST,14TH FL","","PHILADELPHIA","PA","19107","SEPTA","9999999999","999999","","","","","N","","","","","","N","","1","","11"
2012047247,"99","8","1234 MAKRET ST 14TH FL","","PHILADELPHIA","PA","19107","SEPTA","2155807800","999999","","","","","N","","","","","","N","","3","","11"
2012048080,"99","8","1234 MARKET ST 14TH FL","","PHILADELPHIA","PA","19107","SEPTA","9999999999","999999","","","","","N","","","","","","N","","2","","11"
2012049515,"03","1","21 EMPIRE BLVD","","SOUTH HACKENSACK","NJ","07606","DORAS NATURALS INC","2012290500","033000","","","","","N","","","","","","N","","1","01166441","04"
2012052689,"99","8","1234 MARKET ST","","PHILADELPHIA","PA","19138","SEPTA","9999999999","999999","","","","","N","","","","","","N","","2","","11"
2012060729,"99","8","734 SCHUYLKILL AVE","","PHILADELPHIA","PA","19146","SCHOOL DISTRICT OF PHILADELPHIA","9999999999","999999","","","","","N","","","","","","N","","1","","11"
2012060820,"99","8","1234 MARKET ST 14TH FL","","PHILADELPHIA","PA","19107","SEPTA","9999999999","999999","","","","","N","","","","","","N","","2","","11"
2012061282,"05","2","27 PINEVIEW COURT","","MONROE","NJ","08831","BULK EXPRESS LOGISTICS INC","7326982998","080000","","","","","N","","","","","","N","","1","01344102","08"
2012063103,"02","8","1234 MARKET STREET","FOURTHTEENTH FLOOR","PHILDELPHIA","PA","19107","SEPTA","2155804123","999999","","","","","N","","","","","","N","","1","00010206","11"
2012069266,"02","8","1234 MARKET ST","","PHILADELPHIA","PA","19107","SEPTA","2155805301","037920","","","","","N","","","","","","N","","1","00010206","11"
2012069638,"99","1","PO BOX 140849","","IRVING","PA","75014","GENERAL ELECTRIC CAPITAL CORP","9999999999","016000","","","","","N","","","","","","N","","1","","05"
2012073329,"99","2","2711 KNOT RD.","","KNOXVILLE","TN","37922","KENAN TRANSPORT CO","9733920912","079000","3","","","","Y","1","","","","","N","","2","00192679","08"
2012073899,"02","4","4917 WARRINGTON AVE 1ST","","HARRISBURG","PA","19143","PENNDOT","2152251415","041000","","","","","N","","","","","999999999","N","","2","99999999","03"
2012075656,"03","1","PO BOX 433","","WILLIAMSPORT","MD","21795","BOWMAN SALES AND EQUIPMENT","2156725002","080000","","","","","N","","","","","","N","","1","00590923","08"
2012078393,"99","1","1324 N 4TH ST","","PHILADELPHIA","PA","19122","OLD CITY MOVERS","9999999999","021000","","","","","N","","","","","","N","","2","99999999","09"
2012078600,"99","8","1234 MARKET","","PHILA","PA","19107","SEPTA","9999999999","999999","","","","","N","","","","","","N","","2","","10"
2012083021,"99","9","PO BOX 181","","MINOTOLA","NJ","99999","MIKE & MATT LOGISTICS INC","9999999999","999999","","","","","N","","","","","","N","","2","","99"
2012083395,"99","8","7559 WALTON DR","","ROCKFORD","IL","61108","COACH LEASING","9999999999","999999","","","","","N","","","","","","N","","1","","11"
2012083811,"99","1","3032 GLENVILLE RD","","COCHRANVILLE","PA","19330","3032 LLC","9999999999","080000","","","","","N","","","","","","N","","2","","08"
2012095518,"","9","UNKNOWN","","UNKNOWN","ZZ","99999","UNKNOWN","9999999999","","","","","","","","","","","","","","1","","99"
2012095614,"","9","UNKNOWN","","UNKNOWN","ZZ","99999","UNKNOWN","9999999999","","","","","","","","","","","","","","1","","99"
2012095639,"","8","1234 MARKET ST","","PHILA","PA","99999","SEPTA","2155807800","","","","","","N","","","","","","N","","2","","11"
2012096953,"03","1","416 VALLEY ROAD","","TAMAQUA","PA","18252","KOCH'S TURKEY FARM","5706682089","058400","","","","","N","","","","","","N","","2","00601551","04"
2012096954,"02","0","193 TENBY CHASE DR.APT.","","DELRAN","NJ","08075","ESNAF KLJUCO","8569069370","018000","","","","","N","","","","","","N","","2","01716343","07"
2012098461,"99","8","UNKNOWN","","UNKNOWN","ZZ","99999","UNKNOWN","9999999999","","","","","","N","","","","","","","","1","","12"
2012103975,"","9","UNKNOWN","","UNKNOWN","ZZ","99999","UNKNOWN","9999999999","","","","","","","","","","","","","","2","","99"
2012111630,"","9","UNKNOWN","","UNKNOWN","ZZ","99999","UNKNOWN","9999999999","","","","","","","","","","","","","","2","","99"
2012111811,"99","8","2500 WHEATSHEAF LN","","PHILADELPHIA","PA","19137","DURHAM SCHOOL SERVICES LP","9999999999","","","","","","N","","","","","","N","","1","","11"
2012117361,"04","7","403 YETTA DR","","BLACKWOOD","NJ","08012","TRI-STATE WASTE & RECYCLING INC","2152888797","800000","","","","","N","","","","","","N","","1","00945309","04"
2012117361,"05","9","PO BOX 291","","CEDAR BROOK","NJ","08018","UNITED ASPHALT CO INC","9999999999","800000","","","","","","","","","","","N","","2","00656687","08"
2012120070,"","8","2500 WHEATSHEAF LANE","","PHILA","PA","19137","DURHAM SCHOOL SERVICES","9999999999","","","","","","N","","","","","","N","","1","00000214","10"
2012127236,"05","1","32 NOBLE ST","","NEWARK","NJ","07114","AMERICA TRANSPORT LLC","6092596102","080000","","","","","N","","","","","","N","","1","00823590","08"
2013002856,"04","4","3000 HEADLEY ST","","PHILADELPHIA","PA","19137","REPUBLIC SERVICES OF PA","2157686950","073280","","","","","N","","","","","","N","","1","00348394","04"
2013004022,"99","8","UNKNOWN","","UNKNOWN","ZZ","99999","UNKNOWN","9999999999","999999","","","","","N","","","","","","N","","2","","11"
2012010987,"03","3","2945 PERSIMMON DRIVE","","YORK","PA","17404","ZARFOS 1  TRUCKING","7174875153","080000","","","","","N","","","","","","N","","2","00867970","04"
2012014966,"99","8","1234 MARKET ST 14TH FL","","PHILADELPHIA","PA","19107","SEPTA","9999999999","999999","","","","","","","","","","999999999","N","","1","99999999","11"
2012015352,"99","2","UNKNOWN","","UNKNOWN","ZZ","99999","PENSKE","9999999999","","","","","","","","","","","","N","","2","99999999","03"
2012020342,"99","8","1234 MARKET ST 14TH FL","","PHILADELPHIA","PA","19107","SEPTA","9999999999","999999","","","","","","","","","","999999999","N","","1","99999999","11"
2012020361,"99","8","1234 MARKET ST 14TH FL","","PHILADELPHIA","PA","19107","SEPTA","9999999999","999999","","","","","","","","","","999999999","N","","1","99999999","11"
2012020401,"99","8","1234 MARKET ST 14TH FL","","PHILADELPHIA","PA","19107","SEPTA","2155806229","999999","","","","","N","","","","","999999999","N","","1","99999999","11"
2012020401,"99","7","OFFICE FLEET MANAGEMENT","100 S BROAD ST","PHILADELPHIA","PA","19110","WASTE MANAGEMENT","2156852601","999999","","","","","N","","","","","999999999","U","","2","00025065","98"
2012027723,"99","8","1234 MARKET ST,14TH FL","","PHILADELPHIA","PA","19107","SEPTA","9999999999","999999","","","","","N","","","","","","N","","1","","11"
2012028029,"05","1","4350 HADDONFIELD RD","","PENNSAUKEN","NJ","08109","MARK TRANS INC","8564861122","080000","3","","","","Y","1","","","","","N","","1","01034073","08"
2012028098,"02","7","100 S BROAD ST","","PHILADELPHIA","PA","19110","CITY OF PHILADELPHIA","2156861776","023000","","","","","","","","","","999999999","N","","1","99999999","03"
2012032605,"99","1","5 GROCE ST","","GLENOLDEN","PA","19036","A L CIRINEO CO INC","9999999999","033000","","","","","N","","","","","","N","","2","","05"
2012032678,"99","8","3101 ORTHODOX ST","","PHILADELPHIA","PA","19137","YELLOWBIRD BUS CO INC","9999999999","999999","","","","","N","","","","","","N","","1","","11"
2012034699,"99","8","1234 MARKET ST 14TH FL","","PHILADELPHIA","PA","19107","SEPTA","9999999999","","","","","","N","","","","","099999999","N","","1","99999999","11"
2012040801,"03","2","2001 N. CLINE AVE.","","GRIFFITH","IN","46319","BULKMATIC TRANSPORT CO. INC.","4844339509","080000","","","","","N","","","","","","N","","1","00076065","08"
2012041537,"99","1","7777 ESSINGTON AVENUE","","PHILADELPHIA","PA","19153","BENTLEY TRUCK SERVICES","9999999999","033000","","","","","N","","","","","","N","","2","","05"
2012041591,"99","1","3 CAPITAL DR UNIT 3872","","EDEN PRAIRIE","PA","55344","GELCO CORPORATION","9999999999","017500","","","","","N","","","","","","N","","1","","05"
2012052060,"02","4","17TH AND ARSENAL BLVD","","HARRISBURG","PA","17120","PENNDOT","7177872838","039000","","","","","N","","","","","","N","","2","","09"
2012064014,"99","9","220 E WASHINGTON AVE","","NORRISTOWN","PA","99999","RDS VENDING LLC","9999999999","014500","","","","","N","","","","","","N","","2","","05"
2012066458,"99","8","1234 MARKET ST 14TH FL","","PHILADELPHIA","PA","19107","SEPTA","9999999999","","","","","","N","","","","","","U","","1","99999999","11"
2012066467,"99","8","1234 MARKET ST 14TH FL","","PHILA","PA","19107","SEPTA","9999999999","999999","","","","","N","","","","","","N","","2","","11"
2012076045,"99","8","1234 MARKET","","PHILA","PA","19107","SEPTA","9999999999","999999","","","","","N","","","","","","N","","2","","10"
2012078475,"01","8","1234 MARKET ST","14TH FLOOR","PHILADELPHIA","PA","19107","SOUTHEASTERN PENNYLVANIA TRANSPO","2155807800","999999","","","","","N","","","","","","N","","1","","11"
2012082856,"03","1","3540 KENNESAW STATION D","","KENNESAW","GA","301441982","BEN MOCHA TRANSPORTATION","3472647360","080000","","","","","N","","","","","","N","","1","01957730","08"
2012083122,"99","8","1234 MARKET ST 14TH FL","","PHILADELPHIA","PA","19107","SEPTA","9999999999","999999","","","","","","","","","","999999999","N","","2","99999999","11"
2012083301,"99","1","1535 WEBSTER ST","","GARY","IN","46406","ROBERT EARL","9999999999","999999","","","","","N","","","","","","N","","1","","08"
2012083335,"99","8","3101 ORTHODOX ST","","PHILADELPHIA","PA","19137","YELLOWBIRD BUS COMPANY INC","9999999999","","","","","","N","","","","","","N","","1","99999999","11"
2012083658,"05","1","85 ELIZABETH ST. #4","","NEW YORK","NY","10013","HFCC INC","9175781320","080000","","","","","N","","","","","","N","","2","02168806","08"
2012083790,"99","1","3600 GRAYS FERRY AVE","","PHILADELPHIA","PA","19146","FEDERAL EXPRESS CORP","9999999999","016000","","","","","N","","","","","","N","","2","","05"
2012091470,"03","1","12225 STEPHENS RD.","","WARREN","MI","48089","GLS LEASCO INC.","2672435682","080000","","","","","N","","","","","","N","","2","00661173","08"
2012096029,"","9","UNKNOWN","","UNKNOWN","ZZ","99999","UNKNOWN","9999999999","","","","","","","","","","","","","","99","","99"
2012098194,"99","8","UNKNOWN","","UNKNOWN","ZZ","99999","UNKNOWN","9999999999","999999","","","","","N","","","","","","N","","1","","11"
2012098443,"99","8","3001 E ORTHODOX ST","","PHILADELPHIA","PA","19137","YELLOWBIRD BUS CO INC","9999999999","","","","","","N","","","","","","N","","2","99999999","11"
2012098979,"99","8","UNKNOWN","","UNKNOWN","ZZ","99999","UNKNOWN","9999999999","999999","","","","","N","","","","","","N","","1","","11"
2012098999,"99","8","UNKNOWN","","UNKNOWN","ZZ","99999","UNKNOWN","9999999999","999999","","","","","N","","","","","","N","","1","","11"
2012104002,"99","1","UNKNOWN","","UNKNOWN","ZZ","99999","UNKNOWN","9999999999","999999","","","","","N","","","","","","N","","2","","08"
2012104002,"99","1","UNKNOWN","","UNKNOWN","ZZ","99999","UNKNOWN","9999999999","999999","","","","","N","","","","","","N","","3","","08"
2012104107,"02","8","1234 MARKET ST","14TH FL","PHILADELPHIA","PA","19107","SOUTHEASTERN PA TRANSPORTATION","2155807947","040130","","","","","N","","","","","","N","","2","00010206","03"
2012108032,"05","3","908 BROADWAY ST","","MASURY","OH","44438","P I & I MOTOR EXPRESS INC","3304484035","080000","","","","","N","","","","","","N","","2","00122443","08"
2012110526,"05","1","PO BOX 1078","","HIGHLAND PARK","IL","60035","ANTHEM PROPANE EXCHANGE LLC","8475594400","060000","3","","","","Y","1","","","","","N","","2","01967938","08"
2012111641,"","9","UNKNOWN","","UNKNOWN","ZZ","99999","UNKNOWN","9999999999","","","","","","","","","","","","","","1","","99"
2012115094,"99","8","UNKNOWN","","UNKNOWN","ZZ","99999","ATLANTIC EXPRESS SCHOOL BUS","9999999999","","","","","","N","","","","","","N","","2","99999999","11"
2012115144,"05","7","1400 E BRISTOL ST","","PHILADELPHIA","PA","19124","CARRIBBEAN OPERATORS INC","2679788147","080000","","","","","N","","","","","","N","","1","00959608","08"
2012119121,"02","8","1234 MARKET ST","","PHILADELPHIA","PA","19107","TRENTON-PHILADELPHIA COACH SEPTA","2155807947","042540","","","","","N","","","","","","N","","2","00010206","11"
2012119448,"02","8","1234 MARKET ST 14TH FL","","PHILADELPHIA","PA","19107","SEPTA","2155807947","040130","","","","","N","","","","","","N","","2","00010206","11"
2012121876,"99","9","2828 BRECKENRIDGE BLVD","","NORRISTOWN","PA","19403","J MASTROCOLA HAULING INC","9999999999","073280","","","","","N","","","","","","N","","1","99999999","99"
2012128221,"99","8","1234 MARKET ST,14 FLOOR","","PHILADELPHIA","PA","19107","SEPTA","9999999999","","","","","","N","","","","","","N","","2","99999999","11"
2012128276,"","9","UNKNOWN","","UNKNOWN","ZZ","99999","UNKNOWN","9999999999","","","","","","","","","","","","","","1","","99"
2013003494,"05","2","4303 N MAIN STREET","","E PEORIA","IL","61611","USA TRUCK INC.","2177851800","080000","","","","","N","","","","","","N","","2","00213754","06"
2012011826,"05","1","747 S. 6TH ST","","RICHMOND","IN","47374","JAY ORRIN WILSON","9999999999","080000","","","","","N","","","","","","N","A-00115224","2","00714483","06"
2012012149,"05","1","155 PROSPECT PLAINS RD","","MONROE TWNSHP","NJ","08831","OCEAN TRANSPORT LLC","6092408187","080000","","","","","N","","","","","","N","","1","01759834","08"
2012012606,"99","8","1234 MARKET ST","","PHILADELPHIA","PA","99999","SEPTA","9999999999","999999","","","","","N","","","","","","N","","2","","11"
2012015348,"99","9","UNKNOWN","","UNKNOWN","ZZ","99999","UNKNOWN","9999999999","999999","","","","","","","","","","999999999","N","","2","99999999","99"
2012015499,"99","2","649 SOUTH","","KENNETT SQUARE","PA","19348","KAOLIN FARM INC","9999999999","999999","","","","","","","","","","000000UNK","N","UNK","1","00000UNK","08"
2012017812,"02","1","15 E OREGON AVE","","PHILADELPHIA","PA","19148","UPS INC","2153899077","999999","","","","","N","","","","","999999999","N","","2","99999999","03"
2012020613,"99","2","PO BOX 1158","","JESSUP","MD","99999","LANCASTER FOODS LLC","9999999999","999999","","","","","","","","","","999999999","N","","1","99999999","08"
2012029055,"02","8","6821 NORWITCH DR","","PHILADELPHIA","PA","19153","ALL CITY TRANSPORTATION INC","2153658000","027500","","","","","N","","","","","","N","A-00118450","2","","11"
2012031451,"02","3","324 HAWTHORN ST","","GLASSBORO","NJ","08028","EVERGREEN TOWING","8568480023","025500","","","","","N","","","","","","N","","1","01768366","03"
2012033493,"05","7","3728 W COUNTRY CLUB RD","","PHILADELPHIA","PA","19131","CARRIBBBEAN OPERATORS INC","2154734070","080000","","","","","N","","","","","","N","","1","00959608","08"
2012034759,"02","8","3740 THOMPSON ST","","PHILADELPHIA","PA","19137","ATLANTIC EXPRESS","2155375405","999999","","","","","N","","","","","","N","","2","","11"
2012034762,"99","1","1592 ROUTE 38","","LUMBERFOX","NJ","08048","MILLER AUTO LEASING CO","9999999999","999999","","","","","N","","","","","","N","","4","","08"
2012043942,"05","2","PO BOX 602 GARDEN RD","","PITTSGROVE TOWNSHIP","NJ","08318","LEE TRANSPORT SYSTEMS","8563587555","080000","3","","","","Y","1","","","","","N","","1","00907709","08"
2012047107,"99","9","500 OLD DOMINION WAY","","THOMASVILLE","NC","99999","DOMINION FREIGHT LINE","9999999999","999999","","","","","N","","","","","","N","","1","","08"
2012047277,"99","1","PO BOX 2819","","S VINELAND","NJ","08360","DEMARCO PRODUCE","9999999999","999999","","","","","N","","","","","","N","","2","","08"
2012049757,"99","9","625 DIVISION ST","","UNKNOWN","ZZ","99999","WACHOVIA FINANCIAL","9999999999","999999","","","","","N","","","","","","N","","2","","99"
2012056726,"99","7","408 S OAK AVE","","PRIMOS","PA","19018","WASTE MANAGEMENT OF PA INC","6106223348","073280","","","","","N","","","","","","N","","1","","05"
2012066492,"99","8","1234 MARKET ST 14TH FL","","PHILADELPHIA","PA","19107","SEPTA","9999999999","","","","","","N","","","","","","N","","2","99999999","11"
2012066577,"99","9","100 FAYETTE ST","","CONSHOHOCKEN","PA","19428","LIGHT PARKER FURNITURE CO","9999999999","","","","","","N","","","","","","N","","3","99999999","99"
2012066730,"99","1","4000 CLINE AVE","","EAST CHICAGO","IN","46312","PENSKE TRUCK LEASING CO LP","9999999999","","","","","","N","","","","","","N","","2","99999999","08"
2012069645,"03","8","1336 BEN FRANKLIN HWY","","DOUGLASSVILLE","PA","19518","KLEINS BUS SERVICE","9999999999","044400","","","","","N","","","","","","N","A-00106803","1","00243507","11"
2012072572,"05","7","4516 S ST","","CAPITOL HEIGHTS","MD","20743","TAC TRANSPORT","8886918228","080000","","","","","N","","","","","","N","","1","00970281","08"
2012082602,"04","7","18500 N ALLIED WAY","","PHOENIX","AZ","85054","BFI WASTE SERVICES","4806272700","073280","","","","","N","","","","","","N","","1","00962087","04"
2012083174,"99","9","3932 GERMANTOWN AVE","","PHILA","PA","19140","JOSEPHS TOWING","9999999999","016000","","","","","N","","","","","","N","","1","","05"
2012083293,"99","1","HWY 29 S","","LABELLE","FL","33935","STEP AHEAD TRUCKING INC","8132450632","999999","","","","","N","","","","","","N","","1","","08"
2012083677,"05","1","290 CHAMBERS RD.","","TOUGHKENAMON","PA","18374","MANFREDI MUSHROOM INC.","6104442270","080000","","","","","N","","","","","000155288","N","","1","00238790","08"
2012097369,"02","0","PO BOX 5856","","DEPTFORD","NJ","08096","BEST REFRESH SERVICES INC","6093643525","012000","","","","","N","","","","","","N","","1","01200972","09"
2012098426,"99","9","UNKNOWN","","UNKNOWN","ZZ","99999","UNKNOWN","9999999999","050000","","","","","N","","","","","","N","","2","","99"
2012099913,"05","1","1592 RTE 38 PO BX 619","","LUMBERTON","NJ","08048","MILLER AUTO LEASI","3024260802","080000","","","","","N","","","","","","N","","1","00297242","06"
2012104450,"05","1","4000 CLINE AVENUE","","EAST CHICAGO","IN","46312","PENSKE TRUCK LEASING CO L P","9999999999","080000","","","","","N","","","","","","N","","4","00257248","08"
2012104519,"02","8","3101 E ORTHODOX ST","","PHILADELPHIA","PA","19137","YELLOWBIRD BUS CO INC","2152891022","029800","","","","","N","","","","","","N","","1","00273447","11"
2012109900,"02","9","UNKNOWN","","UNKNOWN","ZZ","99999","UNKNOWN","9999999999","","","","","","","","","","","","U","","1","","99"
2012111728,"99","8","1234 MARKET","","PHILA","PA","19107","SEPTA","9999999999","999999","","","","","N","","","","","","N","","2","","11"
2012111740,"99","8","UNKNOWN","","UNKNOWN","PA","99999","UNKNOWN","9999999999","","","","","","N","","","","","","N","","2","99999999","10"
2012117269,"","8","1234 MARKET ST","","PHILA","PA","19107","SOUTHEASTERN PENN TRANS AUTHORIT","2155807460","260010","","","","","N","","","","","","N","","2","","11"
2012120549,"","9","UNKNOWN","","UNKNOWN","ZZ","99999","UNKNOWN","9999999999","","","","","","","","","","","","","","1","","99"
2012128274,"99","9","UNKNOWN","","UNKNOWN","ZZ","99999","UNKNOWN","9999999999","016000","","","","","N","","","","","","N","","2","","99"
2013003677,"99","9","4501 N 6TH ST","","PHILADELPHIA","PA","19140","PAYLOAD DISPOSAL INC","9999999999","054800","","","","","N","","","","","","N","","2","","05"
2013003886,"99","8","UNKNOWN","","UNKNOWN","ZZ","99999","UPENN","9999999999","999999","","","","","N","","","","","","N","","1","","11"
2013006816,"99","8","1234 MAKET ST 14TH FL","","PHILADELPHIA","PA","19107","SEPTA","9999999999","","","","","","N","","","","","","N","","2","99999999","10"
2013006900,"99","1","2975","GALLOWAY RD","BENSALEM","PA","19020","RONSOMEIDELEASELCC","2153760347","","","","","","N","","","","","","U","","1","99999999","02"
2013007237,"99","1","UNKNOWN ADDRESS","","UNKNOWN","ZZ","99999","UNKNOWN CARRIER","9999999999","999999","","","","","N","","","","","","N","","1","","08"
2013007272,"99","8","3740 E THOMPSON ST","","PHILADELPHIA","PA","19137","ATLANTIC EXPRESS OF PA","9999999999","","","","","","N","","","","","","N","","2","","11"
2013015597,"05","1","225 LINCOLN HWY","","FAIRLESS HLS","PA","19030","NEW HARVEST TRANSPORTATION","9178611954","080000","","","","","N","","","","","","N","","2","01507136","08"
2012005284,"05","1","205 W 7TH ST","","LAUREL","DE","19956","RIVERA TRANSPORTATION","3028757682","080000","","","","","N","","","","","","N","","1","01763874","08"
2012005284,"99","1","15 OREGON AVE","","PHILADELPHIA","PA","19148","UPS","9999999999","999999","","","","","","","","","","999999999","N","","2","99999999","02"
2012012669,"99","8","UNKNOWN","","UNKNOWN","ZZ","99999","ATLANTIC EXPRESS OF PA","9999999999","999999","","","","","","","","","","999999999","N","","1","99999999","11"
2012012669,"99","8","1234 MARKET ST 14TH FL","","PHILADELPHIA","PA","19107","SEPTA","9999999999","999999","","","","","","","","","","999999999","N","","2","99999999","11"
2012014971,"99","8","1234 MARKET ST 14TH FL","","PHILADELPHIA","PA","99999","SEPTA","9999999999","999999","","","","","","","","","","999999999","N","","2","99999999","11"
2012015921,"02","2","4200 TREMLEY POINT RD","","LINDEN","NJ","07036","LINDEN BULK TRANSPORTATION CO","9088623883","080000","8","","","","Y","1","","","","","N","","2","00237425","06"
2012019782,"05","3","UNKNOWN","","UNKNOWN","ZZ","00000","UNKNOWN","9999999999","080000","","","","","N","","","","","","N","","2","00999999","06"
2012019946,"99","8","1234 MARKET ST 14TH FL","","PHILADELPHIA","PA","19107","SEPTA","9999999999","999999","","","","","","","","","","999999999","N","","1","99999999","11"
2012023231,"05","1","TREWIGTOWN ROAD","","COLMAR","PA","18951","GEPPART","9999999999","080000","","","","","N","","","","","","N","","1","","08"
2012026213,"99","9","UNKNOWN","","UNKNOWN","ZZ","99999","UNKNOWN","9999999999","999999","","","","","","","","","","999999999","N","","1","99999999","99"
2012027731,"99","9","100 S BROAD ST 3RD FL","","PHILADELPHIA","PA","19110","SEPTA","9999999999","999999","","","","","","","","","","999999999","N","","2","99999999","99"
2012028176,"99","8","1234 MARKET ST 14TH FL","","PHILADELPHIA","PA","19107","SEPTA","9999999999","999999","","","","","","","","","","999999999","N","","1","99999999","11"
2012032924,"04","7","100 S BROAD ST","","PHILADELPHIA","PA","19110","CITY OF PHILA","2156831799","073280","","","","","N","","","","","","N","","1","","04"
2012032924,"05","9","98 JACKSONVILLE RD","","IVYLAND","PA","18974","DEVAULT GROUP INC","2157395491","080000","","","","","N","","","","","","N","","2","01946314","08"
2012039243,"99","1","11690 NW 105ST ST.","","MIAMI","FL","33178","RYDER TRUCK RENTAL INC","3055000161","080000","","","","","N","","","","","","N","","2","01349271","08"
2012041558,"99","8","1234 MARKET ST","","PHILADELPHIA","PA","19107","SEPTA","9999999999","999999","","","","","N","","","","","","N","","2","","11"
2012047172,"99","1","100 S BROAD ST,3RD FL","","PHILADELPHIA","PA","19110","CITY OF PHILA","9999999999","035000","","","","","N","","","","","","N","","2","","05"
2012047208,"99","1","3003 BREEZEWOOD LANE","","UNKNOWN","ZZ","54956","VALLEY PROTEINS IN","9999999999","999999","","","","","N","","","","","","N","","2","","05"
2012047297,"99","4","3201 FOX ST","","PHILA","PA","191","PHILA WATER DEPT","2156852016","027000","","","","","N","","","","","","N","","3","00960224","03"
2012048048,"02","1","PO BOX 619","","LUMBERTON","NJ","08048","MILLER TRUCK LEASING","8882652900","026000","","","","","N","","","","","","N","","1","00297242","03"
2012049519,"03","1","2601 S INDIAN MERIDIAN","","PAULS VALLEY","OK","73075","WAL-MART TRANSPORTATION LLC","9999999999","017500","","","","","N","","","","","","N","","2","","04"
2012049774,"99","1","1420 PHOENIXVILLE PK","","WEST CHESTER","PA","19380","RANSOME IDEALEASE","9999999999","025999","","","","","N","","","","","","N","","2","","05"
2012050192,"99","8","1119 N BODINE","","PHILA","PA","19123","76 CARRIAGE CO INC.","9999999999","999999","","","","","N","","","","","","N","","1","","11"
2012055943,"02","3","2462 SUSSEX DR","","EMPORIA","VA","23847","GRAYSON MITCHELL INC","8002476321","080000","","","","","N","","","","","000187492","N","","2","00291180","08"
2012056754,"99","8","1234 MARKET ST 14TH FL","","PHILADELPHIA","PA","19107","SEPTA","9999999999","999999","","","","","N","","","","","","N","","1","","11"
2012056754,"99","9","2300 W PASSYUNK AVE","","PHILADELPHIA","PA","19145","AARONS INC","9999999999","012000","","","","","N","","","","","","N","","2","","99"
2012056757,"99","1","15 OREGON AVE","","PHILADELPHIA","PA","19148","UPS","9999999999","017000","","","","","N","","","","","","N","","2","","05"
2012057357,"03","7","242 S 51ST ST","","PHILADELPHIA","PA","19139","JKT CONTRACTORS &DEVELOPERS","2153894664","073280","","","","","N","","","","","","N","","1","00912039","08"
2012062395,"02","1","200 EAGLE COURT","","BRIDGEPORT","NJ","08014","ALBERT'S ORGANICS","8008995944","033000","","","","","N","","","","","","N","","1","00016130","03"
2012062395,"05","2","2100 RIVERSIDE DRIVE SU","","GREENBAY","WI","54307","THE MANNA COMPANY","8005513175","080000","","","","","N","","","","","000268465","N","","6","00540009","08"
2012064682,"02","8","6821 NORWITCH DR","","PHILADELPHIA","PA","19153","ALL CITY TRANSPORTATION INC","9999999999","025500","","","","","N","","","","","","N","","1","02299946","11"
2012065011,"02","3","145 EAST MAIN ST","","LANSDALE","PA","19446","BOB'S AUTOMOTIVE CLINIC INC","2153939572","033000","","","","","N","","","","","","N","","3","00852502","03"
2012065331,"05","1","PO BOX 260","","MILLERSTOWN","PA","17062","HF CAMPBELL AND SON","7175893194","080000","","","","","N","","","","","","N","","1","00010546","08"
2012066720,"99","9","200 HELEN ST","","SOUTH PLAINFIELD","NJ","2011","BAKERS EXPRESS","9999999999","","","","","","N","","","","","","N","","2","99999999","08"
2012068762,"99","8","13420DAMARDR","","PHILADELPHIA","PA","19116","CLASSIBUSCOINC","2159345885","999999","","","","","N","","","","","","N","","1","","11"
2012069333,"99","8","1234 MARKET 14TH FL","","PHILA","PA","19107","SEPTA","9999999999","999999","","","","","N","","","","","","N","","1","","11"
2012069333,"99","8","2500 WHEATSHEAF LN","","PHILADELPHIA","PA","19137","DURHAM SCHOOL SERVICES LP","9999999999","999999","","","","","N","","","","","","N","","2","","11"
2012075153,"05","1","1765 CHAMPLAIN DR","","TOBYHANNA","PA","18466","MACIEJ NIEWIAROWSKI","9999999999","080000","","","","","N","","","","","","N","","2","01727374","08"
2012078642,"99","9","920 WAYLAND CIRCLE","","BENSALEM","PA","19020","DINARDO & SON BUILDERS INC","9999999999","073280","","","","","N","","","","","","N","","3","99999999","09"
2012082148,"03","0","735 BROAD ST","","BEVERLY","NJ","080101507","ROBERT GRAY'S SONS","6093867887","080000","","","","","N","","","","","000171383","N","A-00097768","3","00273655","07"
2012083352,"99","8","1234 MARKET","","PHILA","PA","19107","SEPTA","9999999999","999999","","","","","N","","","","","","N","","2","","11"
2012095423,"99","1","74 RIDGE RD,P O BOX 200","","TYLERSPORT","PA","18971","INDIAN VALLEY BULK CARRIERS IN","9999999999","080000","","","","","N","","","","","","N","","2","99999999","08"
2012100589,"99","8","1234 MARKET","","PHILA","PA","19107","SEPTA","9999999999","999999","","","","","N","","","","","","N","","1","","11"
2012111676,"","9","UNKNOWN","","UNKNOWN","ZZ","99999","UNKNOWN","9999999999","","","","","","","","","","","","","","1","","99"
2012111737,"","9","UNKNOWN","","UNKNOWN","ZZ","99999","UNKNOWN","9999999999","","","","","","","","","","","","","","1","","99"
2012112645,"","9","UNKNOWN","","UNKNOWN","ZZ","99999","UNKNOWN","9999999999","","","","","","","","","","","","","","2","","99"
2012120046,"02","9","705 DORA WOODS LANE","","NEW CASTLE","DE","19720","CAPITAL TAXI INC","2152352200","","","","","","","","","","","","N","","1","","98"
2012120087,"05","1","33 NORTHFIELD AVE","","EDISON","NJ","08818","WAKEFERN FOOD CORP","8004924045","800000","","","","","N","","","","","","N","","3","00017669","08"
2012122445,"02","0","242 WILTSHIRE ST","","UPPER DARBY","PA","99999","SHARMA CAB CO","9999999999","","","","","","N","","","","","","N","","1","","00"
2013000082,"05","9","100 MIDDLESEX CENTER","","JAMESBURG","NJ","08831","ARGIX DIRECT INC","2013135024","080000","","","","","N","","","","","","N","","2","09999999","08"
2013003783,"","9","UNKNOWN","","UNKNOWN","ZZ","99999","UNKNOWN","9999999999","","","","","","","","","","","","","","1","","99"
2013006672,"99","9","UNKNOWN","","UNKNOWN","ZZ","99999","UNKNOWN","9999999999","999999","","","","","N","","","","","","N","","2","99999999","08"
2013007293,"99","7","408 S OAK AVE,RM 210404","","PRIMOS","PA","19018","WASTE MANAGEMENT OF PENNSYLVAN","9999999999","","","","","","N","","","","","","N","","1","99999999","09"
2013013203,"02","8","1234 MARKET ST","","PHILADELPHIA","PA","19107","SEPTA","9999999999","","","","","","N","","","","","","N","","1","","11"
2013029493,"03","4","1826 NORTH BLACK HORSE","","WILLIAMSTOWN","NJ","08094","NATURAL STONE WHOLESALERS","8563181384","080000","","","","","N","","","","","000765364","N","","2","02205739","00"
2012015504,"99","8","1234 MARKET ST 14TH FL","","PHILADELPHIA","PA","19107","SEPTA","9999999999","999999","","","","","","","","","","999999999","N","","1","99999999","11"
2012017865,"99","9","UNKNOWN","","UNKNOWN","ZZ","99999","UNKNOWN","9999999999","999999","","","","","","","","","","999999999","N","","1","99999999","99"
2012021374,"02","8","3740 E. THOMPSON ST.","","PHILADELPHIA","PA","19137","ATLANTIC EXPRESS OF PA","2155375405","013381","","","","","N","","","","","","N","","1","01246812","11"
2012026945,"05","1","485 B RT 1 SO STE 110","","ISELIN","NJ","08830","H&M INTERNATIONAL TRANSPORTATION","2155372340","080000","","","","","N","","","","","","N","","1","00569618","08"
2012031224,"05","1","PO BOX 989","","PACICA","CA","94044","HG","8008010798","080000","","","","","","","","","","","N","","1","02165117","08"
2012034718,"99","1","INDUSTRIAL HWY","","LESTER","PA","99999","SUNOCO INC","9999999999","080000","","","","","N","","","","","","N","","2","","08"
2012036782,"99","8","1234 MARKET ST 14TH FL","","PHILADELPHIA","PA","19107","SEPTA","9999999999","999999","","","","","N","","","","","","N","","2","","11"
2012036932,"99","1","333 W STREET RD","","FSTRVL TRVOSE","PA","19053","U HAUL OF NORTH PHILADELPHIA","9999999999","019500","","","","","N","","","","","","N","","1","","05"
2012036933,"99","8","1234 MARKET ST,14TH ST","","PHILADELPHIA","PA","19107","SEPTA","9999999999","999999","","","","","N","","","","","","N","","1","","11"
2012037335,"02","4","935 RAHWAY DRIVE","","NEWARK","DE","19711","GRASS BUSTERS LANDSCAPING CO.","3025442086","019000","","","","","N","","","","","","N","","1","01198755","03"
2012037703,"99","1","500 MARIA CIR","","BENSALEM","PA","19020","ATLANTIC TOWING INC","9999999999","999999","","","","","N","","","","","","N","","1","","05"
2012042091,"99","1","920 BRUNSWICK ST","","UNKNOWN","MD","99999","RYDER TRUCK RENTAL","9999999999","999999","","","","","N","","","","","","N","","2","","08"
2012042157,"99","1","3015 E ONTARIO ST","","PHILADELPHIA","PA","19134","MIKE SPANOS & SONS INC","9999999999","073080","","","","","N","","","","","","N","","2","","05"
2012048178,"99","8","1234 MARKET ST 14TH FL","","PHILADELPHIA","PA","19107","SEPTA","9999999999","999999","","","","","N","","","","","","N","","2","","11"
2012048244,"99","8","1234 MARKET ST,14TH FL","","PHILADELPHIA","PA","19107","SEPTA","9999999999","999999","","","","","N","","","","","","N","","2","","11"
2012049720,"99","1","100 S BROAD ST,3RD FL","","PHILADELPHIA","PA","19110","CITY OF PHILA","9999999999","037000","","","","","N","","","","","","N","","1","","05"
2012056459,"99","8","3740 E THOMPSON","","PHILADELPHIA","PA","19137","ATLANTIC EXPRESS OF PHILADELPHIA","9999999999","999999","","","","","N","","","","","","N","","2","","11"
2012058818,"05","3","7201 EAST MELTON ROAD","","GARY","IN","46312","PGT TRUCKING INC","9999999999","080000","","","","","N","","","","","","N","","2","00192897","08"
2012060760,"03","8","1234 MARKET ST","","PHILADELPHIA","PA","19107","SEPTA","2155807800","999999","","","","","N","","","","","","N","","1","","11"
2012062732,"02","4","5211 ARENDELL AVE","","PHILADELPHIA","PA","19114","ANGEL CONSTRUCTION","2673188227","018000","","","","","N","","","","","","U","","1","","03"
2012065498,"05","6","P.O.BOX 1036","","MANAHAWKIN","NJ","08050-8036","CHARLES G LONDRIGAN JR","6098916969","040000","","","","","N","","","","","","N","","2","02116492","08"
2012065498,"02","1","7642 BATH PIKE","","BATH","PA","18014","AIK LOGISTICS/PHILLIPS FEED & PE","6102502099","016388","","","","","N","","","","","","N","","3","01094779","03"
2012066475,"99","8","440 N BROAD STREET","","PHILADELPHIA","PA","19130","THE SCHOOL DISTRICT OF PHILADELP","9999999999","","","","","","N","","","","","","N","","1","99999999","11"
2012066497,"99","9","100 S BROAD ST,3RD FLOO","","PHILADELPHIA","PA","19110","CITY OF PHILADELPHIA","9999999999","","","","","","N","","","","","","N","","2","99999999","99"
2012068843,"99","8","1234 MARKET","","PHILA","PA","19107","SEPTA","9999999999","999999","","","","","N","","","","","","N","","2","","11"
2012071433,"05","1","1155 STOOPS FERRY RD","","CORAOPOLIS","PA","15108","ARL TRANSPORT LLC","4122646996","080000","","","","","N","","","","","000152672","N","","1","00186375","08"
2012073626,"99","1","9000 MIDLANTIC DR","","MOUNT LAUREL","NJ","08054","FEDERAL EXPRESS CORP","9999999999","","","","","","N","","","","","","N","","2","99999999","09"
2012078205,"99","8","1234 MARKET ST 14TH FL","","PHILADELPHIA","PA","19107","SEPTA","9999999999","","","","","","N","","","","","","N","","2","99999999","11"
2012078626,"99","9","UNKNOWN","","UNKNOWN","ZZ","99999","UNKNOWN","9999999999","","","","","","N","","","","","","N","","1","99999999","99"
2012080730,"02","8","1234 MARKET STREET","","PHILA","PA","19107","SEPTA","2155807800","044000","","","","","N","","","","","","N","","1","00010206","11"
2012081427,"05","1","800 ELLIS ST","","GLASSBORO","NJ","08028","JTP MANAGEMENT LLC","8563071900","080000","","","","","N","","","","","","N","","1","01367976","08"
2012083034,"99","1","14507 FRONTIER RD","","OMAHA","NE","68138","WERNER ENTERPRISES INC","9999999999","999999","","","","","N","","","","","","N","","2","","08"
2012083429,"99","8","1234 MARKET","","PHILA","PA","19107","SEPTA","9999999999","999999","","","","","N","","","","","","N","","1","","11"
2012083521,"03","8","15110 DALLAS PARKWAY SU","","DALLAS","TX","75248","GREYHOUND LINES INC","2159314051","035950","","","","","N","","","","","","N","","3","00044110","11"
2012084166,"99","8","1234 MARKET","","PHILA","PA","19107","SEPTA","9999999999","026000","","","","","N","","","","","","N","","2","","11"
2012092220,"05","2","4958 LANCASTER AVE","","PHILADELPHIA","PA","19131","PHOENIX ENERGY GROUP","2158790522","080000","3","","","","Y","1","","","","","N","","1","00957245","08"
2012095383,"","9","UNKNOWN","","UNKNOWN","ZZ","99999","UNKNOWN","9999999999","","","","","","","","","","","","","","1","","99"
2012095408,"","9","UNKNOWN","","UNKNOWN","ZZ","99999","UNKNOWN","9999999999","","","","","","","","","","","","","","1","","99"
2012095584,"02","8","1234","MARKET STREET","PHILA","PA","19107.","SOUTHEASTERN PA TRANS AUTHORITY","9999999999","999999","","","","","N","","","","","","N","","2","00010206","11"
2012097155,"03","7","100 S BROAD ST","","PHILADELPHIA","PA","19110","CITY OF PHILADELPHIA","2156861776","058350","","","","","N","","","","","","N","","1","","04"
2012097620,"02","8","3740 E THOMPSON ST","","PHILADELPHIA","PA","19137","ATLANTIC EXPRESS OF PA","2155375405","010000","","","","","N","","","","","","N","","1","01246812","11"
2012098284,"99","9","P.O. BOX 1385","","BANGOR","ME","04402","HARTT TRANSP. SYSTEMS INC","9999999999","","","","","","N","","","","","","N","","2","99999999","08"
2012098978,"99","9","UNKNOWN","","UNKNOWN","ZZ","99999","UNKNOWN","9999999999","999999","","","","","N","","","","","","N","","2","","99"
2012105452,"02","8","1234 MARKET ST","","PHILADELPHIA","PA","19107","SEPTA","2155803100","042540","","","","","N","","","","","","N","","1","00010206","11"
2012109043,"05","1","P O BOX 7001","","NORTH BRUNSWICK","NJ","08902","HERMANN FORWARDING CO","7322974400","080000","","","","","N","","","","","","N","","1","00017093","08"
2012110941,"05","1","400 CLINE AVE","","EAST CHICAGO","IN","46312","PENSKE","8562418608","080000","","","","","N","","","","","","N","","2","00080806","08"
2012110942,"99","1","920 BRUNSWICK ST","","BALTIMORE","MD","21223","RYDER TRUCK RENTAL","8002939337","080000","","","","","N","","","","","","N","","2","00075446","08"
2012111757,"","9","UNKNOWN","","UNKNOWN","ZZ","99999","UNKNOWN","9999999999","","","","","","","","","","","","","","2","","99"
2012111785,"02","8","1234 MARKET ST","","PHILADELPHIA","PA","19107","SOUTHEASTERN PENNA TRANSP AUTH","2155804813","500000","","","","","N","","","","","","N","","1","00010206","03"
2012113888,"99","8","2500 WHEATSHEAF LN","","PHILADELPHIA","PA","19137","DURHAM SCHOOL SERVICES LP","9999999999","","","","","","N","","","","","","N","","2","99999999","11"
2012114871,"99","8","1001 FILBERT ST","","UNKNOWN","TX","99999","GREYHOUND","9999999999","","","","","","N","","","","","","N","","2","99999999","11"
2012121700,"05","1","505 DUNAGAN DRIVE","","LAWRENCEVILLE","GA","30045","SOUTHSIDE LOGISTICS INC","6783815370","080000","","","","","N","","","","","","N","","2","02287678","08"
2012123331,"99","8","1234 MARKET ST,14TH FL","","PHILADELPHIA","PA","19107","SEPTA","9999999999","","","","","","N","","","","","","N","","1","99999999","11"
2012126372,"99","0","1405 WEST PIKE STREET","","PHILADELPHIA","PA","19140","NAGI CAB COMPANY","2152255000","","","","","","N","","","","","","N","","1","","99"
2012128415,"02","1","70 BUCKWALTER RD","","ROYERSFORD","PA","19468","SHEENA INC.","3474796629","025500","","","","","N","","","","","","N","","2","01727608","09"
2012130306,"05","1","3468 FOREST PARK RD. S.","","ATLANTA","GA","30354","GEORGE BARNETT","4043957841","080000","","","","","N","","","","","","N","","2","00970050","08"
2013003761,"99","8","6821 NORWITCH DR","","PHILADELPHIA","PA","19153","ALL CITY TRANSPORTATION INC","9999999999","999999","","","","","N","","","","","","N","","1","","11"
2013003974,"","9","UNKNOWN","","UNKNOWN","ZZ","99999","UNKNOWN","9999999999","","","","","","","","","","","","","","1","","99"
2013006890,"02","8","1234 MARKET ST,14TH FL","","PHILADELPHIA","PA","19107","SEPTA","9999999999","","","","","","N","","","","","","N","","2","","11"
2013007395,"05","2","1182 260TH STREET","","SERGEANT BLUFF","IA","51054","AIR LIQUIDE INDUSTRIAL US LP","7138962157","080000","3","","","","Y","1","","","","","N","","1","01266816","08"
2013012103,"02","8","1234 MARKET ST 14TH FL","","PHILADELPHIA","PA","19107","SEPTA","9999999999","","","","","","N","","","","","","N","","1","","11"
2013032598,"99","8","1234 MARKET STREET,14TH","","PHILADELPHIA","PA","19107","SEPTA","9999999999","","","","","","N","","","","","","N","","2","","11"
2012007087,"05","1","7308 BELDEN ST","","PHILADELPHIA","PA","19111","NAZIFA TRANSPORT","2150000000","080000","","","","","N","","","","","999999999","N","","2","01784275","08"
2012013309,"05","2","10 INDUSTRIAL HWY","","LESTER","PA","19029","SUNOCO R AND M","6109992489","075000","3","","","","Y","1","","","","","N","","1","00010328","08"
2012015390,"99","2","UNKNOWN","","UNKNOWN","ZZ","99999","UNKNOWN","9999999999","999999","","","","","","","","","","","N","","2","99999999","03"
2012015400,"02","7","100 S BROAD ST","","PHILADELPHIA","PA","19110","CITY OF PHILADLEPHIA","2673352732","060000","","","","","N","","","","","","U","","1","","05"
2012017422,"02","8","1234 MARKET ST","","PHILADELPHIA","PA","19107","SEPTA","2155804814","044000","","","","","N","","","","","","N","","1","00010206","11"
2012017937,"99","8","1234 MARKET ST 14TH FL","","PHILADELPHIA","PA","19107","SEPTA","9999999999","999999","","","","","","","","","","999999999","N","","2","99999999","11"
2012018383,"99","8","1234 MARKET ST 14TH FL","","PHILADELPHIA","PA","19107","SEPTA","9999999999","999999","","","","","N","","","","","","N","","1","","11"
2012020511,"99","2","UNKNOWN","","UNKNOWN","ZZ","99999","UNKNOWN","9999999999","999999","","","","","","","","","","999999999","N","","2","99999999","05"
2012025853,"05","1","3400 EAST MAIN","","DANVILLE","IL","61832","TRANSCO INC","2547717500","052000","","","","","N","","","","","","N","","1","01062707","08"
2012026222,"99","8","3740 E THOMPSON ST","","UNKNOWN","ZZ","99999","ATLANTIC EXPRESS OF PA","9999999999","999999","","","","","","","","","","999999999","N","","1","99999999","10"
2012026237,"99","2","7421 GLENMORE AV","","PHILA","PA","19153","OIL PATCH","9999999999","330000","","","","","","","","","","999999999","U","","2","99999999","05"
2012032705,"03","8","1234 MARKET ST 14TH FL","","PHILADELPHIA","PA","19107","SEPTA","2155807947","080000","","","","","N","","","","","","N","","1","00010206","11"
2012033885,"02","1","14 TANNER ST","","HADDONFIELD","NT","08033","RENT A CHEF GORMET FOOD","6095191279","999999","","","","","N","","","","","","N","","1","","03"
2012034715,"99","9","13440 DAMAR DR","","PHILADELPHIA","PA","19116","EXTREME TOWING","9999999999","025500","","","","","N","","","","","","N","","1","","05"
2012036677,"05","3","50415 HERBERT ST","","GRANGER","IN","46530","UFP TRANSPORTATION INC","7704723050","072000","","","","","N","","","","","","N","","1","01079241","08"
2012041535,"99","8","11000 ROOSEVELT BLVD","","PHILADELPHIA","PA","19116","PHILADELPHIA ACADEMY CHARTER S","9999999999","999999","","","","","N","","","","","","N","","2","","11"
2012042093,"99","8","1234 MARKET ST,14TH FLR","","PHILADELPHIA","PA","19107","SEPTA","9999999999","999999","","","","","N","","","","","","N","","2","","11"
2012046661,"02","8","2905 ABBOTTSFORD AVE","","PHILADELPHIA","PA","19129","PHILLY TRANSPORTATION LLC","2158421222","029800","","","","","N","","","","","","N","","1","01497653","11"
2012047184,"99","9","116 WILLIS ST","","GAFFNEY","SC","99999","BROWN PACKING CO INC","9999999999","","","","","","","","","","","","N","","2","99999999","08"
2012047257,"99","1","UNKNOWN","","UNKNOWN","ZZ","99999","UNKNOWN","9999999999","999999","","","","","N","","","","","","N","","1","","08"
2012048197,"99","9","2717 CAMPBELL BLVD","","ELLENWOOD","GA","30294","READY TRUCKING","9999999999","999999","","","","","N","","","","","","N","","1","","08"
2012048764,"05","1","11530 HUDSON BLVD N","","LAKE ELMO","MN","55042","D & T TRUCKING CO INC","6512054141","080000","","","","","N","","","","","","N","","1","01691263","08"
2012049700,"99","8","1234 MARKET ST","","PHILADELPHIA","PA","19107","SEPTA","9999999999","999999","","","","","N","","","","","","N","","1","","11"
2012049775,"99","1","190 BAY AVE","","HIGHLANDS","NJ","07732","CERTIFIED CLAM CO","9999999999","999999","","","","","N","","","","","","N","","1","","05"
2012051856,"99","8","1234 MARKET ST","","PHILADELPHIA","PA","19107","SEPTA","9999999999","999999","","","","","N","","","","","","N","","3","","11"
2012053374,"03","7","408 DORRANCE STREET","","BRISTOL","PA","19007","NONE","2156513963","080000","","","","","N","","","","","","N","","2","59026893","08"
2012060628,"03","1","6500 INDUSTRIAL HWY","","GARY","IN","464068000","SWIFT","2679710810","080000","","","","","N","","","","","","N","","1","00054233","08"
2012064565,"05","2","1709 S BURLINGTON RD","","BRIDGETON","NJ","08302","PAPCO LLC","8162295791","080000","2","","","","Y","1","","","","","N","","1","01481678","08"
2012066744,"99","8","1234 MARKET ST 14TH FL","","PHILADELPHIA","PA","19107","SEPTA","9999999999","","","","","","N","","","","","","N","","2","99999999","11"
2012068772,"99","8","1234 MARKET 14TH FL","","PHILA","PA","19107","SEPTA","9999999999","999999","","","","","N","","","","","","N","","2","","11"
2012071127,"02","8","1234 MARKET ST","","PHILADELPHIA","PA","19107","SEPTA","2155807947","040130","","","","","N","","","","","","N","","1","00010206","11"
2012073531,"99","8","1234 MARKET","","PHILA","PA","19107","SEPTA","9999999999","999999","","","","","N","","","","","","N","","3","","11"
2012078988,"99","8","1234 MARKET ST,14TH FLO","","PHILADELPHIA","PA","19107","SEPTA","9999999999","","","","","","N","","","","","","N","","1","99999999","11"
2012080812,"99","8","1234 MARKET ST,14TH FLR","","PHILADELPHIA","PA","19107","SEPTA","9999999999","","","","","","N","","","","","","N","","2","99999999","10"
2012083407,"99","8","1234 MARKET ST,14TH FL","","PHILADELPHIA","PA","19107","SEPTA","9999999999","","","","","","N","","","","","","N","","2","99999999","11"
2012088004,"02","8","1234 MARKET ST","","PHILADELPHIA","PA","19107","TRENTON-PHILADELPHIA COACH CO","2155807947","040130","","","","","N","","","","","","N","","1","00010206","11"
2012088997,"99","9","UNKNOWN","","UNKNOWN","ZZ","99999","UNKNOWN","9999999999","999999","","","","","N","","","","","","N","","1","","99"
2012098305,"99","8","1234 MARKET ST. 14TH FL","","PHILADELPHIA","PA","19107","SEPTA","9999999999","","","","","","N","","","","","","N","","1","99999999","11"
2012098484,"99","8","1234 MARKET","","PHILA","PA","19107","SEPTA","9999999999","999999","","","","","N","","","","","","N","","1","","11"
2012099386,"03","8","1234 MARKET ST","","PHILA","PA","19107","SOTHEASTERNPENNSYLVANIATRANSPOR","2155803100","999999","","","","","N","","","","","","N","","1","","11"
2012102566,"04","4","1887 YORK AVE","","WILLIAMSTOWN","NJ","08094","H.P.KANADY TRUCKING","8568810814","080000","","","","","N","","","","","","N","","1","00601519","04"
2012103844,"99","9","UNKNOWN","","UNKNOWN","ZZ","99999","UNKNOWN","9999999999","","","","","","","","","","","","N","","1","09999999","06"
2012110524,"04","2","223 FELLOWSHIP RD.","","EAGLE","PA","19480","MCGOVERN ENVIRONMENTAL LLC","8004647777","073280","","","","","N","","","","","","N","","1","01584080","04"
2012111658,"99","8","1234 MARKET","","PHILA","PA","19107","SEPTA","9999999999","999999","","","","","N","","","","","","N","","2","","11"
2012111805,"","9","UNKNOWN","","UNKNOWN","ZZ","99999","UNKNOWN","9999999999","","","","","","","","","","","","","","1","","99"
2012114779,"05","3","1431 MANCHESTER RD","","BELOIT","WI","53511","BLACKHAWK TRANSPORT INC","6083649728","080000","","","","","","","","","","","N","","1","00391460","06"
2012120129,"99","7","100 S BROAD ST,3RD FLOO","","PHILADELPHIA","PA","19110","CITY OF PHILADELPHIA","9999999999","","","","","","N","","","","","","N","","3","99999999","09"
2013003881,"05","1","2001 HERR ST","","HARRISBURG","PA","17105","HARRISBURG DARIES","7172338701","080000","","","","","N","","","","","","N","","1","00064306","08"
2013012061,"99","9","100 S BROAD ST,3RD FL","","PHILADELPHIA","PA","19110","CITY OF PHILADELPHIA","9999999999","071620","","","","","N","","","","","","N","","2","","99"
2012014811,"05","2","3380 SOUTH DIXIE HWY","","LIMA","OH","45804","AMERIGAS PROPANE","6097742145","080000","","","","","N","","","","","","N","","2","00388004","08"
2012020481,"99","9","1625 HAMPTON RD","","HAVERTON","DE","19083","JOSEPH AND SON TRIAXLE SERVICE","2676368110","","","","","","N","","","","","","U","","1","","99"
2012021336,"05","1","10711 5TH AVE","#301","COUNTRYSIDE","IL","60525","WOJITEK EXPRESS INC.","7086553760","050000","","","","","N","","","","","","N","","1","01511309","08"
2012026267,"99","9","7158 OGONTZ AVE","","PHILADELPHIA","PA","19138","MURRAYS STEAKS (PENSKE INC)","9999999999","999999","","","","","","","","","","","N","","3","99999999","99"
2012027761,"99","8","1234 MARKET ST 14TH FL","","PHILADELPHIA","PA","19107","SEPTA","9999999999","999999","","","","","","","","","","999999999","N","","1","99999999","11"
2012034689,"99","8","1234 MARKET ST,14TH FL","","PHILADELPHIA","PA","19107","SEPTA","9999999999","999999","","","","","N","","","","","","N","","2","","11"
2012044330,"03","1","115 BEECHWOOD LN","","LEHIGHTON","PA","18235","RYAN N SIMMONS","5703863274","080000","","","","","N","","","","","","N","","1","00699184","08"
2012045433,"99","9","9 WEST ATHENS AVE","","ARDMORE","PA","19003","K & S TOWING AND RECOVERY INC","9999999999","999999","","","","","N","","","","","","N","","1","","05"
2012047819,"05","3","650 WESTTOWN ROAD","","WEST CHESTER","PA","19382","A DUIE PYLE","6106965800","080000","","","","","N","","","","","000258668","N","","2","00512524","08"
2012060681,"99","8","1234 MARKET ST","14TH FL","PHILA","PA","19103","SEPTA","2155808570","999999","","","","","N","","","","","","N","","1","","11"
2012063943,"99","8","1234 MARKET ST 14TH FL","","PHILADELPHIA","PA","19107","SEPTA","9999999999","999999","","","","","N","","","","","","N","","2","","11"
2012064035,"99","9","3000 HEDLEY ST","","PHILADELPHIA","PA","19137","BFI WASTE SERVICE","9999999999","073280","","","","","N","","","","","","N","","1","","05"
2012066471,"99","8","1234 MARKET ST 14TH FL","","PHILA","PA","19107","SEPTA","9999999999","999999","","","","","N","","","","","","N","","2","","11"
2012066538,"99","8","1234 MARKET ST,14TH FL","","PHILADELPHIA","PA","19107","SEPTA","9999999999","","","","","","N","","","","","","N","","2","99999999","11"
2012069020,"05","1","8143 15TH AVE APT 2","","HYATTSVILLE","MD","20783","MAXIMILLIANO ZAMORA","9084134693","052000","","","","","N","","","","","","N","","1","00863166","08"
2012071290,"99","1","1034 BETHLEHEM PIKE,P O","","MONTGOMERYVLE","PA","18936","DEL VAL LEASING CO INC","9999999999","025999","","","","","N","","","","","","N","","3","","05"
2012072459,"99","1","19 LUKENS DR","","NEW CASTLE","DE","19720","PNC EQUIPMENT FINANCE LLC","9999999999","999999","","","","","N","","","","","","N","","1","","05"
2012078490,"99","7","2457 MORRIS ST","","PHILADELPHIA","PA","19145","JOSEPH GIGLIOTTI","9999999999","058000","","","","","N","","","","","","N","","2","99999999","09"
2012080830,"06","1","445 W NORTH BEND RD","","CINCINNATI","OH","45216","RRR EXPRESS LLC","9999999999","080000","","","","","N","","","","","","N","","2","","08"
2012083354,"99","8","1331 E WYOMING AVE","","PHILADELPHIA","PA","19124","CANCER TREATMENT CTRS OF AMERICA","9999999999","999999","","","","","N","","","","","","N","","2","","10"
2012083394,"99","1","3495 SANGAMON AVE","","SPRINGFIELD","IL","99999","COCA COLA","9999999999","999999","","","","","N","","","","","","N","","1","","05"
2012085900,"99","9","15880 N GREENWAY HAYDEN","","SCOTTSDALE","AZ","85260","H LEASING CO LLC","9999999999","","","","","","N","","","","","","N","","1","99999999","99"
2012088085,"99","8","1234 MARKET ST","","PHILADELPHIA","PA","19107","SEPTA","9999999999","999999","","","","","N","","","","","","N","","1","","11"
2012093489,"02","3","P.O. BOX 488","","MICKELTON","NJ","08056","ATLAS FLASHER & SUPPLY CO.","8564233333","025500","","","","","N","","","","","","N","","2","01041480","03"
2012095542,"","9","UNKNOWN","","UNKNOWN","ZZ","99999","UNKNOWN","9999999999","","","","","","","","","","","","","","1","","99"
2012098660,"05","2","1713 N MAIN RD PO BOX 1","","VINELAND","NJ","08360","PENCO LEASING LLC","8566911142","080000","","","","","N","","","","","","N","","1","00156123","06"
2012104135,"99","8","UNK","","UNK","NJ","99999","NJ TRANSIT","9999999999","999999","","","","","N","","","","","","N","","2","","11"
2012104267,"99","1","UNKNOWN","","UNKNOWN","ZZ","99999","UNKNOWN","9999999999","999999","","","","","N","","","","","","N","","2","","08"
2012104279,"02","8","3740 E THOMPSON ST","","PHILADELPHIA","PA","19137","ATLANTIC EXPRESS","2155375405","999999","","","","","N","","","","","","N","","2","","11"
2012109675,"","9","UNKNOWN","","UNKNOWN","ZZ","99999","UNKNOWN","9999999999","","","","","","","","","","","","","","1","","99"
2012113554,"05","1","7135 CENTENNIAL PLACE N","","NASHVILLE","TN","37209","WESTERN EXPRESS","8439260888","080000","","","","","N","","","","","","N","","2","00511412","08"
2012116470,"02","1","137 S. DUPONT HWY.","","NEW CASTLE","DE","19720","LEONS GARDEN WORLD INC","3025211357","026000","","","","","N","","","","","","N","","1","01056378","03"
2012116868,"05","3","1922 RIVER ROAD","","BURLINGTON","NJ","08016","AMF HOLDINGS LLC","2157501100","039000","","","","","N","","","","","","N","","1","00113529","08"
2012117217,"","9","UNKNOWN","","UNKNOWN","ZZ","99999","UNKNOWN","9999999999","","","","","","","","","","","","","","1","","99"
2012117367,"99","8","1234 MARKET ST,14TH FL","","PHILADELPHIA","PA","19107","SEPTA","9999999999","","","","","","N","","","","","","N","","2","99999999","11"
2012120154,"","9","UNKNOWN","","UNKNOWN","ZZ","99999","UNKNOWN","9999999999","","","","","","","","","","","","","","1","","99"
2012120154,"","9","UNKNOWN","","UNKNOWN","ZZ","99999","UNKNOWN","9999999999","","","","","","","","","","","","","","2","","99"
2012120427,"05","1","PO BOX 28","","MT SIDNEY","VA","24467","CROSBY TRUCKING SERVICES INC","5402349268","008000","","","","","N","","","","","","N","","1","00032052","06"
2012122405,"99","8","1234 MARKET STREET,14TH","","PHILADELPHIA","PA","19107","SEPTA","9999999999","","","","","","N","","","","","","N","","2","99999999","11"
2012125566,"02","8","1234 MARKET ST","","PHILADELPHIA","PA","99999","SEPTA","2155807800","999999","","","","","N","","","","","","N","","1","","11"
2012126894,"03","8","1234 MARKET ST","","PHILADELPHIA","PA","19107","SEPTA","8565807800","042540","","","","","N","","","","","","N","","1","00010206","11"
2012129065,"99","8","1234 MARKET ST 14TH FL","","PHILA","PA","19107","SEPTA","2155807604","","","","","","","","","","","","N","","2","","11"
2013003952,"99","1","UNKNOWN","","UNKNOWN","ZZ","99999","UNKNOWN","9999999999","029000","","","","","N","","","","","","N","","3","","05"
2013006743,"02","8","1234 MARKET ST","","PHILADELPHIA","PA","19107","SEPTA","9999999999","","","","","","N","","","","","","N","","1","","11"
2013007276,"99","8","MARKET","","PHILA","PA","19107","SEPTA","9999999999","999999","","","","","N","","","","","","N","","2","","11"
2013007305,"99","8","1234 MARKET","","PHILA","PA","19107","SEPTA","9999999999","999999","","","","","N","","","","","","N","","1","","11"
2013009119,"05","1","1901 S 2ND AVENUE PO BO","","SHELDON","IA","51201","VAN WYK INC.","7173488818","080000","","","","","N","","","","","","N","","2","00069971","06"
2012011825,"03","2","315 CRESTVIEW AVE","","BLENHEIM","NJ","08012","MARK TRANS INC","2154318036","080000","","","","","N","","","","","","N","","2","01034073","06"
2012012674,"99","8","1234 MARKET ST 14TH FL","","PHILADELPHIA","PA","19107","SEPTA","9999999999","","","","","","N","","","","","999999999","N","","1","99999999","11"
2012014820,"03","3","650 WESTTOWN ROAD","","WEST CHESTER","PA","19381","PYL TRANSPORT SERVICE INC","6106965800","080000","","","","","N","","","","","","N","","1","00512524","06"
2012015029,"05","2","2000 BENNETT ROAD","","PHILADELPHIA","PA","19116","L AND M WAREHOUSE AND TRANSPORT","2152521162","080000","","","","","N","","","","","000445001","N","","2","01071851","06"
2012015441,"99","2","UNKNOWN","","UNKNOWN","ZZ","99999","RYDER","9999999999","999999","","","","","","","","","","999999999","N","","1","99999999","04"
2012020606,"99","8","110 GREENHILL RD","","WEST CHESTER","PA","19380","SAFETY KLEEN SYSTEMS INC","9999999999","999999","","","","","","","","","","999999999","N","","2","99999999","11"
2012026240,"99","8","1234 MARKET ST,14TH FL","","PHILADELPHIA","PA","19107","SEPTA","9999999999","999999","","","","","N","","","","","","N","","1","","11"
2012028476,"99","1","190 BLACK HORSE RD","","PARADISE","PA","17562","CJS AUTOMOTIVE","9999999999","026000","","","","","N","","","","","","N","","1","","05"
2012031598,"04","4","615 GERSHALL AVE","","PITTSGROVE","NJ","08318","J SPINELLI & SONS INC","8566913133","073280","","","","","N","","","","","","N","","1","00608888","09"
2012032538,"99","1","PO BOX 21508","","PHOENIX","AZ","850361508","UHAUL","9999999999","020000","","","","","N","","","","","","N","","1","","03"
2012036889,"99","8","2500 WHEATSHEAF LANE","","PHILADELPHIA","PA","19137","DURHAM SCHOOL SERVICES LP","9999999999","999999","","","","","N","","","","","","N","","1","","11"
2012036893,"99","1","242 E HUNTING PARK AVE","","PHILADELPHIA","PA","19124","R & M WELDING SUPPLY CO DBA PE","9999999999","032900","","","","","N","","","","","","N","","3","","05"
2012037003,"99","1","1826 AFTON ST","","PHILA","PA","19111","T & W TRADING LLC","9999999999","019500","","","","","N","","","","","","N","","1","","05"
2012037228,"02","3","2250 SHERMAN AVENUE SUI","","PENNSAUKEN","NJ","08110","DR COPPER LLC","8566933105","025999","","","","","N","","","","","","N","","1","01718570","03"
2012041543,"02","8","5600 CITY AVE","","PHILADELPHIA","PA","19131","ST JOSEPHS UNIVERSITY","6106601111","031800","","","","","N","","","","","","N","","2","","11"
2012041668,"99","1","2727 N CENTRAL AVE","","PHOENIX","AZ","850041155","UHAUL TITLING LLC","8005280355","014050","","","","","N","","","","","","N","","1","","05"
2012041684,"99","1","4518 STATE ROUTE 49","","HARRISON VLY","PA","16927","JAY MCCONNELL DBA LIBERTY SEAM","9999999999","015000","","","","","N","","","","","","N","","1","","05"
2012046685,"02","8","3740 E THOMPSON ST","","PHILA","PA","19137","ATLANTIC EXPRESS OF PENNSYLVANIA","2155375405","029800","","","","","N","","","","","","N","","1","01246812","11"
2012048073,"99","9","515 HAGEY RD","","SOUDERTON","PA","18964","GUIDEMARK INC","9999999999","066000","","","","","N","","","","","","N","","2","","05"
2012049521,"99","1","825 E STATE ST","","CAMDEN","NJ","08105","RIVER ROAD TRUCKING LLC","8567570177","080000","","","","","N","","","","","","N","","1","01871887","08"
2012049617,"05","1","3650 EAGLE ST","P.O. BOX 180","STEVENSVILLE","ON","L0S1S0","ZAVCOR TRUCKING UNLIMITED","9053823444","040000","","","","","N","","","","","","N","","2","00396451","08"
2012049749,"02","8","1234 MARKET ST 54TH ST","14TH FL","PHILADELPHIA","PA","19107","SEPTA","2155807800","024000","","","","","N","","","","","","N","","1","","11"
2012051164,"05","1","1200- NEWARK TPF","","KEARNY","JA","07032","DMS EXPRESS INC","0000000000","080000","","","","","N","","","","","","N","","1","00564889","08"
2012051713,"99","1","2 PNC PLZ","","PITTSBURGH","PA","15222","PNC EQUIPMENT FINANCIAL LLC","9999999999","025500","","","","","N","","","","","","N","","2","","05"
2012063897,"99","9","1404 ELMWOOD AVE","","SHARON HILL","PA","19079","HOLL ROM COMPANY INC","9999999999","026000","","","","","N","","","","","","N","","2","","05"
2012066453,"99","8","734 SCHUYLKILL AVE","","PHILADELPHIA","PA","19146","SCHOOL DISTRICT OF PHILADELPHI","9999999999","","","","","","N","","","","","","N","","2","99999999","11"
2012066540,"99","9","1445 N 32ND ST","","PHILADELPHIA","PA","19121","ADVANCE TRANSPORTATION COMPANY","9999999999","","","","","","N","","","","","","N","","1","99999999","99"
2012070784,"05","1","P O BOX 5224","","MARTINSVILLE","VA","24115","WARREN TRUCKING","2769563181","080000","","","","","N","","","","","","N","","1","00084383","08"
2012073518,"99","9","4625 INDUSTRIAL RD","","FORTE WAYNE","IN","46825","BUCHANIN HAUL & RIGGING INC","9999999999","","","","","","N","","","","","","N","","1","99999999","99"
2012078612,"99","9","14949 ST. RT 28W","","ALEXANDRIA","IN","46001","R L TRANSFER INC","9999999999","","","","","","N","","","","","","N","","1","99999999","08"
2012080825,"99","9","1711 DESIRE AVE","","FSTRVL TRVOSE","PA","19053","RICCI TRANSPORT & RECOVERY INC","9999999999","025500","","","","","N","","","","","","N","","2","99999999","99"
2012083401,"99","8","1234 MARKET","","PHILA","PA","19107","SEPTA","9999999999","999999","","","","","N","","","","","","N","","1","","11"
2012085107,"02","8","3740 E THOMPSON ST","","PHILADELP[HIA","PA","19137","ATLANTIC EXPRESS OF PA INC","2155375405","027960","","","","","N","","","","","","N","","1","01246812","11"
2012085738,"99","1","200 HANSEN ACCESS RD,UN","","KING OF PRUSSA","PA","19406","RYDER TRUCK RENTAL LT","9999999999","","","","","","N","","","","","","N","","1","99999999","09"
2012093633,"03","9","640 MEETINGHOUSE RD","","HARLEYSVILLE","PA","19438","SILVER SPRINGS FARM","2152564321","080000","","","","","N","","","","","","N","","1","00329629","08"
2012095593,"99","9","UNKNOWN","","STAFFORD","VA","22555","HILLDRUP","9999999999","","","","","","N","","","","","","N","","2","","99"
2012098649,"05","1","5755 GRANGER ROAD","","INDEPENDENCE","OH","44131","TOTAL TRANSPORTATION TRUCKING IN","2163986090","080000","","","","","N","","","","","","N","","1","00207908","08"
2012098649,"05","1","370 DAVIDS DRIVE","","WILMINGTON","OH","45177","SEWELL MOTOR EXPRESS","9373823847","080000","","","","","N","","","","","","N","","2","00258149","08"
2012102836,"04","7","2648 W 50TH STREET","","CHICAGO","IL","60632","L U TRANSPORT INC","7734766601","026000","","","","","N","","","","","","N","","1","00542189","08"
2012110945,"03","2","16 CHIPPENHAM DR","","VOORHEES","NJ","08043","MARK MEDINA","6094136385","080000","","","","","N","","","","","","N","","2","00029265","09"
2012111794,"99","9","100 S BROAD ST,3RD FL","","PHILA","PA","19110","CITY OF PHILADELPHIA","9999999999","021605","","","","","N","","","","","","N","","2","","05"
2012114367,"","9","UNKNOWN","","UNKNOWN","ZZ","99999","UNKNOWN","9999999999","","","","","","","","","","","","","","2","","99"
2012114500,"05","1","5755 GRANGER ROAD","","INDEPENDENCE","OH","44131","TOTAL TRANSPORTATION TRUCKING IN","2163986090","080000","","","","","N","","","","","","N","","3","00207908","08"
2012119476,"05","2","10 INDUSTRIAL WAY","","LESTER","PA","19029","SUNOCO INC R & M","4437520466","080000","3","","","","Y","1","","","","","N","","1","00010328","08"
2012122209,"03","0","1861TERRY DR","","JOLIET","IL","60435","QUALITY CARRIERS","8775697520","080000","","","","","N","","","","","","N","","1","00076600","08"
2012125095,"99","9","UNKNOWN","","UNKNOWN","ZZ","999999","UNKNOWN","9999999999","999999","","","","","N","","","","","","N","","2","00999999","99"
2012128185,"99","9","UNKNOWN","","UNKNOWN","ZZ","99999","THE GUARDIAN","9999999999","","","","","","N","","","","","00UNKNOWN","U","UNKNOWN","1","0UNKNOWN","99"
2013004000,"","9","UNKNOWN","","UNKNOWN","ZZ","99999","UNKNOWN","9999999999","","","","","","","","","","","","","","2","","99"
2013004014,"99","8","1234 MARKET ST,14TH FL","","PHILADELPHIA","PA","19107","SEPTA","9999999999","","","","","","N","","","","","","N","","1","","11"
2013004418,"99","9","UNKNOWN","","UNKNOWN","ZZ","99999","UNKNOWN","9999999999","999999","","","","","N","","","","","","N","","1","","99"
2013006654,"02","8","1234 MARKET ST","","PHILADELPHIA","PA","19107","SEPTA","9999999999","","","","","","N","","","","","","N","","1","","11"
2013006675,"03","8","ONE PENN PLAZA","","NEWARK","NJ","07105","NJ TRANSIT CORP","9999999999","","","","","","N","","","","","","N","","1","","11"
2013006752,"99","1","UNKNOWN","","UNKNOWN","ZZ","99999","UNKNOWN","9999999999","","","","","","N","","","","","","N","","1","99999999","08"
2012010600,"05","7","84 FOUNDRY ST","","NEWARK","NJ","07105","GLADIATORS TRUCKING CORP","8005329632","080000","","","","","N","","","","","","N","","1","00912406","06"
2012012681,"99","9","649 WHITEHEAD RD","","LAWRENCEVILLE","NJ","08648","CINTAS CORPORATION","9999999999","","","","","","N","","","","","999999999","N","","2","99999999","99"
2012015442,"99","1","UNKNOWN","","UNKNOWN","ZZ","99999","UNKNOWN","9999999999","999999","","","","","","","","","","","N","","1","99999999","02"
2012015442,"99","8","1234 MARKET ST 14TH FL","","PHILADELPHIA","PA","19107","SEPTA","9999999999","999999","","","","","","","","","","999999999","","","2","99999999","11"
2012020364,"99","8","1234 MARKET ST 14TH FL","","PHILADELPHIA","PA","19107","SEPTA","9999999999","999999","","","","","","","","","","999999999","N","","1","99999999","11"
2012020933,"02","8","2747 SALMON ST","","PHILADELPHIA","PA","19134","LEAHY TRANSPORTATION INC","2154263751","029800","","","","","N","","","","","999999999","N","","3","99999999","11"
2012032525,"99","8","UNKNOWN","","PHILADELPHIA","PA","99999","SEPTA","9999999999","999999","","","","","N","","","","","","N","","1","","11"
2012032542,"99","8","4143 N 8TH STREET","","PHILA","PA","19140","DEPENDABILITY COMPANY","2155355061","999999","","","","","N","","","","","","N","A-06411324","1","01734644","11"
2012032638,"99","8","UNKNOWN","","PHILADELPHIA","PA","99999","UNKNOWN","9999999999","999999","","","","","N","","","","","","N","","2","","11"
2012032722,"99","8","734 SCHUYLKILL AVE","","PHILADELPHIA","PA","19132","SCHOOL DISTRICT OF PHILADELPHIA","9999999999","999999","","","","","N","","","","","","N","","2","","11"
2012036840,"99","8","1234 MARKET ST,14TH FL","","PHILADELPHIA","PA","19107","SEPTA","9999999999","999999","","","","","N","","","","","","N","","1","","11"
2012041487,"99","9","UNKNOWN","","UNKNOWN","ZZ","99999","UNKNOWN","9999999999","999999","","","","","N","","","","","","N","","1","","99"
2012041498,"99","8","1234 MARKET ST","","PHILADELPHIA","PA","19107","SEPTA","9999999999","999999","","","","","N","","","","","","N","","2","","11"
2012042575,"99","8","1234 MARKET ST,14TH FL","","PHILADELPHIA","PA","19107","SEPTA","9999999999","999999","","","","","N","","","","","","N","","2","","11"
2012044003,"07","3","2700 VETERANS HIGHWAY","","BRISTOL","PA","19007","ROB'S AUTOMOTIVE AND COLLISION S","2158260250","147000","","","","","N","","","","","","Y","","1","00682761","08"
2012047234,"02","8","1234 MARKET ST","","PHILADELPHIA","PA","19107","SOUTHEASTERN PENNSYLVANIA TRANSP","2155805301","044000","","","","","N","","","","","","N","","2","","11"
2012048089,"99","1","5024 HOMESTEAD ST","","PHILADELPHIA","PA","19135","A&S DELIVERY INC","9999999999","025500","","","","","N","","","","","","N","","1","","05"
2012048089,"99","8","3740 E THOMPSON ST","","PHILADELPHIA","PA","19137","ATLANTIC EXPRESS PA INC","9999999999","999999","","","","","N","","","","","","N","","2","","11"
2012049252,"99","0","PO BOX 280958","","NASHVILLE","TN","372180000","WESTERN EXPRESS INC","9999999999","080000","","","","","N","","","","","","N","","1","00511412","07"
2012050204,"99","8","3740 EAST THOMPSON ST","","PHILADELPHIA","PA","19137","ATLANTIC EXPRESS OF PA INC","9999999999","999999","","","","","N","","","","","","N","","1","","11"
2012052830,"08","1","1000 FEDEX DRIVE","","CORAOPOLIS","PA","15108","FEDEX GROUND PACKAGE SYSTEM INC.","2675167335","080000","","","","","N","","","","","","N","","1","00265752","08"
2012056715,"99","8","1234 MARKET ST,14TH FL","","PHILADELPHIA","ZZ","19107","SEPTA","9999999999","999999","","","","","N","","","","","","N","","2","","11"
2012060656,"99","9","7074 CLOVER LN","","UPPER DARBY","PA","19082","SHANEITA J GOODE DBA GOOD TOWING","9999999999","017500","","","","","N","","","","","","N","","1","","05"
2012063884,"03","8","379 LEWIS RD","","SPRINGFIELD","PA","19064","FUJIAN TOURISM COMPANY","2156272666","507000","","","","","N","","","","","","N","","2","01858916","11"
2012066530,"99","8","1234 MARKET STREET,14TH","","PHILADELPHIA","PA","19107","SEPTA","9999999999","","","","","","N","","","","","","N","","2","99999999","11"
2012068195,"05","1","14507 FRONTIER RD","","OMAHA","NE","68138","WERNER ENTERPRISES INC","4102068230","080000","","","","","N","","","","","","N","","2","00053467","06"
2012070299,"05","3","397 WATERWAY ROAD","","OXFORD","PA","19363","TIPTON TRUCKING COMPANY","3029810161","080000","","","","","N","","","","","","N","","3","00282773","08"
2012075994,"99","9","3101 MARKET ST","","PHILADELPHIA","PA","99999","PHILA PARKING AUTHORITY","9999999999","018750","","","","","N","","","","","","N","","2","","99"
2012076158,"02","3","7167 GLENLOCH ST","","PHILADELPHIA","PA","19135","LIBERTY EXPRESS","2673463685","017000","","","","","N","","","","","","N","","1","02116653","03"
2012078195,"99","3","3200 561ST ST","","PHILADELPHIA","PA","19153","PHILA TOWING&TRANSPORT","2157247000","025500","","","","","N","","","","","","N","","1","01174620","03"
2012083270,"99","4","630 S RIDLEY CREEK RD","","MEDIA","PA","19063","D SABATELLI","6105666840","073280","","","","","N","","","","","","N","","1","","04"
2012083802,"99","8","1234 MARKET","","PHILA","PA","19107","SEPTA","9999999999","999999","","","","","N","","","","","","N","","1","","11"
2012083815,"99","1","200 HANSEN ACCESS ROAD,","","KING OF PRUSSIA","PA","19406","RYDER TRUCK RENTAL LT","9999999999","","","","","","N","","","","","","N","","1","99999999","09"
2012088530,"99","8","1234 MARKET","","PHILA","PA","19107","SEPTA","9999999999","999999","","","","","N","","","","","","N","","2","","11"
2012089761,"05","1","1334 RUTHERFORD RD","","GREENVILLE","SC","29609","S&S TRANSPORT SERVICES LLC","8642309843","080000","","","","","N","","","","","","N","","2","01805644","08"
2012095082,"05","9","50415 HERBERT ST.","","GRANGER","IN","46530","UFP TRANSPORTATION INC.","7709642278","099999","","","","","","","","","","","N","","1","00107990","99"
2012098289,"99","9","PO BOX 30000","","WILMINGTON","DE","19805","FLOORING SOLUTIONS INC & SOUTHSI","3029831223","","","","","","","","","","","","U","","1","","99"
2012099003,"99","1","UNKNOWN","","UNKNOWN","ZZ","99999","UNKNOWN","9999999999","999999","","","","","N","","","","","","N","","2","","08"
2012099035,"02","8","1234 MARKET ST","","PHILADELPHIA","PA","19107","SEPTA","2155803101","999999","","","","","N","","","","","","N","","1","","11"
2012099355,"99","8","1234 MARKET","","PHILA","PA","19107","SEPTA","9999999999","999999","","","","","N","","","","","","N","","1","","11"
2012101046,"99","1","UNKNOWN","","UNKNOWN","ZZ","99999","UNKNOWN","9999999999","999999","","","","","N","","","","","","N","","2","","08"
2012109784,"99","8","UNKNOWN","","UNKNOWN","ZZ","99999","SEPTA","9999999999","999999","","","","","N","","","","","","","","1","","11"
2012111688,"","9","UNKNOWN","","UNKNOWN","ZZ","99999","UNKNOWN","9999999999","","","","","","","","","","","","","","1","","99"
2012114383,"02","9","6821 NORWITCH DR","","PHILA","PA","19153","ALL CITY TRANSPORTATION INC","2159422800","","","","","","N","","","","","","N","","2","","98"
2012114501,"02","3","200 W FRANK PIPP DRIVE","","IRON MOUNTAIN","MI","49801-1419","MJ ELECTRIC LLC","9067748000","024000","","","","","N","","","","","","N","","2","00114501","03"
2012120093,"99","9","801 S29ST","","HARRISBURG","PA","17111","VERIZON","9999999999","","","","","","N","","","","","","U","","1","","99"
2012120541,"99","8","1234 MARKET ST","","PHILA","PA","19107","SEPTA","2155807800","","","","","","N","","","","","","N","","2","","11"
2012122376,"","9","UNKNOWN","","UNKNOWN","ZZ","99999","UNKNOWN","9999999999","","","","","","","","","","","","","","3","","99"
2012124456,"02","8","1234 MARKET ST","","PHILADELPHIA","PA","19107","SEPTA","2155807947","044000","","","","","N","","","","","","N","","1","00010206","11"
2012124456,"02","3","7303 RIVER RD","","PENNSAUKEN","NJ","08110","AIRPOWER INTERNATIONAL INC","8566631711","018000","","","","","N","","","","","","N","","2","02352874","03"
2012125500,"99","8","1234 MARKET","","PHILA","PA","19107","SEPTA","9999999999","999999","","","","","N","","","","","","N","","2","","11"
2012125512,"99","8","1234 MARKET 14FLOOR","","PHILA","PA","19107","SEPTA BUS 8468","2155806407","042530","","","","","N","","","","","","N","","2","","11"
2013003958,"99","8","MARKET","","PHILA","PA","19107","SEPTA","9999999999","999999","","","","","N","","","","","","N","","2","","11"
2013006710,"99","9","4501 N 6TH ST","","PHILADELPHIA","PA","19140","PAYLOAD DISPOSAL INC","9999999999","054800","","","","","","","","","","","N","","1","99999999","09"
2013006741,"99","8","1234 MARKET ST, 14TH FL","","PHILADELPHIA","PA","19107","SEPTA","2157439700","","","","","","N","","","","","","N","","1","","11"
2013006810,"99","8","2500 WHEATSHEAF LANE","","PHILADELPHIA","PA","19137","DURHAM SCHOOL SERVICES LP","9999999999","999999","","","","","N","","","","","","N","","1","","11"
2013006919,"99","8","1234 MARKET STREET,14TH","","PHILADELPHIA","PA","19107","SEPTA","9999999999","","","","","","N","","","","","","N","","2","","11"
2013007298,"02","8","1234 MARKET ST","","PHILADELPHIA","PA","99999","SOUTH WESTERN PA TRANSIT AUTHORI","9999999999","999999","","","","","N","","","","","","N","","1","","11"
2012007108,"02","8","1234 MARKET ST","","PHILA","PA","19107","SOUTHERN PENNSYLVANIA TRANSPORT","2150000000","037920","","","","","N","","","","","","N","","1","00000000","11"
2012015391,"99","3","UNKNOWN","","UNKNOWN","ZZ","99999","UNKNOWN","9999999999","999999","","","","","","","","","","999999999","N","","2","99999999","02"
2012017935,"04","3","1776 CHESTER PIKE","","CRUM LYNN","PA","19022","FIZZANO BROS CONCRETE INC","6103426392","999999","","","","","N","","","","","999999999","U","","1","99999999","04"
2012020343,"99","8","1234 MARKET ST 14TH FL","","PHILADELPHIA","PA","19107","SEPTA","2155807800","999999","","","","","","","","","","999999999","N","","2","99999999","11"
2012020482,"99","8","1234 MARKET ST 14TH FL","","PHILADELPHIA","PA","19107","SEPTA","9999999999","999999","","","","","","","","","","999999999","N","","1","99999999","11"
2012020513,"99","9","3913 GERMANTOWN AVE","","PHILADELPHIA","PA","19140","JOSEPHS AUTO BODY","9999999999","999999","","","","","","","","","","999999999","N","","2","99999999","05"
2012028798,"03","1","1440 BRIDGEWATER RD","","BENSALEM","OA","19020","TRISTATE CONTAINER CORP","2679942647","021000","","","","","N","","","","","","N","","1","00327574","06"
2012032567,"99","8","2905 ABBOTTSFORD AVE","","PHILADELPHIA","PA","19129","PHILLY TRANSPORTATION LLC","9999999999","999999","","","","","N","","","","","","N","","2","","11"
2012034292,"05","7","1503 ASTOR ST","","SO PLAINFIELD","NJ","07080","PECARO OF EAST BR, UNSWICK","8005555555","080000","","","","","N","","","","","","N","","1","02042849","08"
2012034292,"05","7","2904 S. C. COLUMBUS BLV","","PHILADELPHIA","PA","19111","BFI WASTE SYSTEM","2155555555","080000","","","","","N","","","","","","N","","2","01438026","08"
2012041715,"99","8","1234 MARKET ST,14TH FL","","PHILADELPHIA","PA","19107","SEPTA","9999999999","999999","","","","","N","","","","","","N","","1","","11"
2012041755,"99","0","DBA ADVANTAGE CARS AMP","","PHILADELPHIA","PA","19135","A & E CARS AND TRUCKS INC","9999999999","016500","","","","","N","","","","","","N","","1","","03"
2012042578,"99","8","1234 MARKET STREET,14TH","","PHILADELPHIA","PA","19107","SEPTA","9999999999","999999","","","","","N","","","","","","N","","2","","11"
2012050554,"05","9","UNKNOWN","","UNKNOWN","ZZ","99999","UNKNOWN","9999999999","800000","","","","","N","","","","","","N","","1","00000099","08"
2012053916,"99","3","UNKNOWN","","UNKNOWN","ZZ","99999","UNKNOWN","9999999999","999999","","","","","N","","","","","","N","","2","","09"
2012056674,"99","8","1234 MARKET ST 14TH FL","","PHILADELPHIA","PA","19107","SEPTA","9999999999","","","","","","N","","","","","","N","","2","99999999","11"
2012060926,"05","1","211 LEABROOK RD","","LANCASTER","PA","17601","SLAYMAKER TRANSPORT","7175722321","037000","","","","","N","","","","","000468361","N","","2","01160194","08"
2012061596,"04","9","4822 GARDEN ST","","PHILADELPHIA","PA","19137","D'ORAZIO'S HAULING & RECYCLING L","2677165253","073280","","","","","N","","","","","","N","","1","02131211","04"
2012061596,"02","8","1234 MARKET ST","","PHILADELPHIA","PA","19107","SEPTA","2155803774","037920","","","","","N","","","","","","N","","2","00010206","11"
2012065497,"03","3","RT 70 EAST PO BOX 1449","","MEDFORD","NJ","08055","DUBELL LUMBER CO","8562380768","","","","","","N","","","","","","N","","3","00560971","08"
2012066509,"02","9","2900 CAMBRIA ST","","PHILADELPHIA","PA","99999","CITY OF PHILA WATER DEPT","2156859933","","","","","","N","","","","","","N","","1","99999999","09"
2012070921,"05","2","3490 PIEDMONT ROAD SUIT","","ATLANTA","GA","30305","QUIKRETE COMPANY","8005555555","080000","","","","","N","","","","","","N","","2","00327574","06"
2012075982,"99","8","1234 MARKET","","PHILA","PA","19107","SEPTA","9999999999","999999","","","","","N","","","","","","N","","1","","11"
2012078551,"99","8","1234 MARKET","","PHILA","PA","19107","SEPTA","9999999999","999999","","","","","N","","","","","","N","","1","","10"
2012082205,"02","3","4625 INDUSTRIAL RD","","FORT BWAYNE","IN","46825","BUCHANAN HAULING & RIGGING INC","8885444285","080000","","","","","N","","","","","","N","","2","00649444","98"
2012083321,"99","9","100 S BROAD ST,3RD FLOO","","PHILADELPHIA","PA","99999","CITY OF PHILADELPHIA","9999999999","023000","","","","","","","","","","","U","","1","","05"
2012084049,"04","1","39 ARROW RD","","GEULPH","ON","N1K1S8","WARD KRATZER TRUCKING INC.","5198372662","057000","","","","","N","","","","","","N","","2","00390704","08"
2012087652,"02","8","1234 MARKET ST 14TH FL","","PHILA","PA","19107","S.E.P.T.A.","9999999999","040600","","","","","N","","","","","","N","","2","00010206","11"
2012095635,"","9","UNKNOWN","","UNKNOWN","ZZ","99999","UNKNOWN","9999999999","","","","","","","","","","","","","","1","","99"
2012098427,"99","1","RTE 10 GRN HLS BX 405,U","","READING","PA","19603","PENSKE TRUCK LEASING CO LP","9999999999","","","","","","N","","","","","","N","","1","","99"
2012099004,"99","9","UNKNOWN","","UNKNOWN","ZZ","99999","UNKNOWN","9999999999","999999","","","","","N","","","","","","N","","2","","99"
2012100285,"02","1","GOOSE HILL RD BOX 259","","JEFFERSON","ME","04348","DOLE FRESH FRUIT CO.","3024260327","075000","","","","","N","","","","","","N","","1","01349271","08"
2012104035,"99","8","1234 MARKET ST","","PHILA","PA","19107","SEPTA","9999999999","999999","","","","","N","","","","","","N","","2","","11"
2012104145,"99","8","350 N ST. PAUL ST","","DALLAS","TX","99999","GREYHOUND","9999999999","","","","","","N","","","","","","N","","1","99999999","11"
2012110786,"02","1","25 SO DAVIS ST","","WOODBURY","NJ","08096","TCB TRANSPORT LLC","9999999999","025999","","","","","N","","","","","","","","2","","03"
2012114882,"99","8","3101 ORTHODOX ST","","PHILADELPHIA","PA","19137","YELLOWBIRD BUS CO INC","9999999999","","","","","","N","","","","","","N","","2","99999999","11"
2012117255,"99","8","1234 MARKET ST 14TH FL","","PHILADELPHIA","PA","19107","SEPTA","9999999999","999999","","","","","N","","","","","","N","","2","","11"
2012121817,"04","4","1124 JARVIS ROAD","","ERIAL","NJ","08081","THOMPSON TRUCKING INC","8566276365","073280","","","","","N","","","","","000537790","N","","1","00858544","04"
2012122372,"99","8","1234 MARKET","","PHILA","PA","19107","SEPTA","9999999999","999999","","","","","N","","","","","","N","","2","","11"
2012127751,"02","8","1234 MARKET ST","","PHILA","PA","19107","SEPTA","9999999999","041000","","","","","N","","","","","","N","","1","","11"
2012128310,"99","8","UNKNOWN","","UNKNOWN","ZZ","99999","UNKNOWN","9999999999","999999","","","","","N","","","","","","N","","1","","11"
2012129961,"99","1","UNKNOWN","","UNKNOWN","ZZ","99999","UNKNOWN","9999999999","999999","","","","","N","","","","","","N","","2","","08"
2012130687,"05","1","4808 KROEMER ROAD SUITE","","FORT WAYNE","IN","46818","FISCHER TRUCKING INC","8004868660","027000","","","","","N","","","","","","N","","2","00541364","08"
2013003715,"","9","UNKNOWN","","UNKNOWN","ZZ","99999","UNKNOWN","9999999999","","","","","","","","","","","","","","1","","99"
2013003788,"99","8","UNKNOWN","","UNKNOWN","ZZ","99999","UNKNOWN","9999999999","999999","","","","","N","","","","","","N","","5","","11"
2013003853,"99","8","MARKET","","PHILA","PA","19107","SEPTA","9999999999","999999","","","","","N","","","","","","N","","2","","11"
2013006166,"99","8","440 N BROAD ST","","PHILADELPHIA","PA","19130","THE SCHOOL DISTRICT OF PHILADELP","9999999999","","","","","","N","","","","","","N","","1","","11"
2013007280,"02","8","1234 MARKET ST 14TH FL","FOURTEENTH FLOOR","PHILA","PA","19107","SEPTA","2155807800","042540","","","","","N","","","","","","N","","1","00010206","11"
2013015600,"05","9","7811 PENN WESTERN CT.","","MARLBORO","MD","20772","DI LEX TRUCKING I","2408821855","080000","","","","","N","","","","","","N","","1","02042849","08"
2012010993,"03","2","PO BOX 1518","","BELLEVUE","WA","98009","PACCAR LEASING CO","4254687877","080000","","","","","N","","","","","999999999","N","A-00999999","1","00301140","04"
2012015439,"03","9","2700 NEW RODGERS RD","","PHILADELPHIA","PA","19007","ROBS AUTOMOTIVE AND COLLISION","2158260250","058000","","","","","N","","","","","","N","","1","00682761","04"
2012019948,"99","8","1234 MARKET ST 14TH FL","","PHILADELPHIA","PA","19107","SEPTA","9999999999","999999","","","","","","","","","","999999999","N","","2","99999999","11"
2012032557,"02","9","5 FLOUR MILLS RD","","YORK","PA","17406","ANTHEM PROPANE","7176455579","025500","3","","","","Y","9","","","","","N","","2","","09"
2012036799,"99","1","971 BRIARSDALE RD","","HARRISBURG","PA","17109","RYDER TRUCK RENTAL LT","9999999999","026000","","","","","N","","","","","","N","","2","","05"
2012036940,"99","1","6261 MERSHAN ST","","PHILADELPHIA","PA","19149","COCA COLA","2154169409","999999","","","","","N","","","","","","N","","2","","08"
2012039750,"02","8","1234 MARKET ST.","","PHILA","PA","19107","SEPTA","2155808570","037920","","","","","N","","","","","","N","","1","00010206","11"
2012040989,"05","3","68 DUNHILL DR","","VOORHEES","NJ","08043","TRI STATE INTERMODL INC","2157559092","080000","","","","","N","","","","","","N","","1","00634508","08"
2012042174,"99","8","1234 MARKET STREET,14TH","","PHILADELPHIA","PA","19107","SEPTA","9999999999","999999","","","","","N","","","","","","N","","1","","11"
2012042180,"02","8","1234 MARKET ST 14TH FL","","PHILADELPHIA","PA","19107","SEPTA","9999999999","080000","","","","","N","","","","","","N","","2","00010206","11"
2012042237,"99","7","100 S BROAD ST","","PHILADELPHIA","PA","19110","CITY OF PHILADELPHIA","9999999999","059220","","","","","N","","","","","","N","","2","99999999","09"
2012042245,"99","9","6161 SPRUCE ST","","PHILADELPHIA","PA","19143","PERFECT CHOICE CONSTRUCTION","9999999999","","","","","","N","","","","","","N","","1","99999999","09"
2012042245,"99","8","1234 MARKET 14TH FLOOR","","PHILADELPHIA","PA","19107","SEPTA","2155805301","","","","","","N","","","","","","N","","2","99999999","11"
2012042245,"99","8","1234 MARKET ST 14TH FL","","PHILADELPHIA","PA","19107","SEPTA","2155805301","","","","","","N","","","","","","N","","3","99999999","11"
2012047153,"03","9","262 BOMARK RD","","BANGOR","ME","04401","HARTT TRANSPORTATION SYSTEMS","8003411586","999999","","","","","N","","","","","","U","","1","","99"
2012048223,"99","8","3740 E THOMPSON STREET","","PHILADELPHIA","PA","19137","ATLANTIC EXPRESS OF PA","9999999999","999999","","","","","N","","","","","","N","","3","","11"
2012049678,"99","9","1234 MARKET ST,14TH FL","","PHILADELPHIA","PA","19107","SEPTA","9999999999","019500","","","","","N","","","","","","N","","2","","05"
2012049780,"99","8","1234 MARKET ST,14TH FLR","","PHILADELPHIA","PA","19107","SEPTA","9999999999","999999","","","","","N","","","","","","N","","1","","11"
2012054983,"05","1","14507 FRONTIER RD","","OMAHA","NE","68138","WARNER ENTERPRISE INC","8003310361","080000","","","","","N","","","","","","N","","1","00053467","08"
2012056558,"99","8","1234 MARKET ST,14TH FL","","PHILADELPHIA","PA","19107","SEPTA","9999999999","999999","","","","","N","","","","","","N","","2","","11"
2012058157,"02","1","2138 DOWNING STREET","","CHARLOTTE","NC","28205","JONES TRANSPORT  & LOGISTICS","7049150008","080000","","","","","N","","","","","","N","","1","01642531","08"
2012058157,"02","8","1260 E WOODLAND AVE STE","","SPRINGFIELD","PA","19064","KEYSTONE QUALITY TRANSPORT","6105662200","026000","","","","","N","","","","","","N","","2","","11"
2012060654,"99","9","1020 E 4TH ST,P O BOX 2","","EDDYSTONE","PA","19022","ATLANTIC ICE DIST INC","9999999999","026000","","","","","N","","","","","","N","","2","","05"
2012060742,"99","8","1234 MARKET ST 14TH FL","","PHILADELPHIA","PA","19107","SEPTA","9999999999","999999","","","","","N","","","","","","N","","1","","11"
2012064310,"05","1","PO BOX 1607","","CHATTANOOGA","TN","37401","KENCO TRANSPORTATION SERVICVES L","4236221113","080000","","","","","N","","","","","","N","","1","00531932","08"
2012066460,"99","8","1234 MARKET ST 14TH FL","","PHILADELPHIA","PA","19107","SEPTA","9999999999","","","","","","N","","","","","","N","","2","99999999","11"
2012068708,"99","8","1234 MARKET ST 14TH FL","","PHILADELPHIA","PA","19107","SEPTA","9999999999","999999","","","","","N","","","","","","N","","1","","11"
2012073596,"99","8","1234 MARKET","","PHILA","PA","19107","SEPTA","9999999999","999999","","","","","N","","","","","","N","","1","","11"
2012079916,"05","1","1 SAVALLE AVE","","EDDYSTONE","PA","19022","EVANS DELIVERY","6108762727","080000","","","","","N","","","","","","N","","1","00038111","08"
2012080762,"99","8","1234 MARKET","","PHILA","PA","19107","SEPTA","9999999999","999999","","","","","N","","","","","","N","","2","","11"
2012082035,"99","0","6500 W INDUSTRIAL HWY","","GARY","IN","46406","SWIFT TRANSPORTATION CO OF ARIZO","8008002200","999999","","","","","N","","","","","","N","","2","00054283","07"
2012083905,"99","9","UNKNOWN","","UNKNOWN","ZZ","UNKNWON","UNKNOWN","9999999999","000099","","","","","N","","","","","","U","","2","00000099","08"
2012085805,"99","8","1234 MARKET STREET,14TH","","PHILADELPHIA","PA","19107","SEPTA","9999999999","","","","","","N","","","","","","N","","1","99999999","11"
2012087937,"03","1","300 PIGEON RD","","NEW CASTLE","DE","19720","DIAMOND STATE WAREHOUSING","3024260802","080000","","","","","N","","","","","","N","","2","01349271","08"
2012095431,"","9","UNKNOWN","","UNKNOWN","ZZ","99999","UNKNOWN","9999999999","","","","","","","","","","","","","","1","","99"
2012095501,"","9","UNKNOWN","","UNKNOWN","ZZ","99999","UNKNOWN","9999999999","","","","","","","","","","","","","","2","","99"
2012096105,"05","3","PO BOX 528","","BOWMANSVILLE","PA","17507","BRUBACHER EXCAVATING","7173546339","080000","","","","","N","","","","","000704948","N","","2","00466762","06"
2012103613,"02","9","UNKNOWN ADDRESS","","UNKNOWN","ZZ","99999","UNKNOWN CARRIER","9999999999","999999","","","","","N","","","","","","U","","2","","03"
2012103613,"02","9","843 CALLOWHILL ST","","PHOLADELPHIA","PA","19123","PNA TRADING CO","9999999999","013000","","","","","N","","","","","","U","","3","","03"
2012103613,"02","9","480 PATTISON AVE","","PHILADELPHIA","PA","19148","WRILLEY NUT PRODUCTS COMPANY","9999999999","033000","","","","","N","","","","","","U","","4","","03"
2012103613,"02","9","7777 ESSINGTON AVE","","PHILADELPHIA","PA","19153","BENTLEY TRUCK SERVICE INC","9999999999","017950","","","","","N","","","","","","U","","5","","03"
2012104016,"99","8","2500 WHEATSHEAF LANE","","PHILADELPHIA","PA","19137","DURHAM SCHOOL SERVICES LP","9999999999","999999","","","","","N","","","","","","N","","1","","11"
2012104458,"05","1","3685 MARSHALL LN","","BENSALEM","PA","19020","TRAILMOBILE","2674037058","080000","","","","","N","","","","","","N","","1","02342597","08"
2012111776,"","9","UNKNOWN","","UNKNOWN","ZZ","99999","UNKNOWN","9999999999","","","","","","","","","","","","","","1","","99"
2012116478,"05","1","PO BOX 1064","","FINDLAY","OH","45839","PRIDE TRANSPORTATION","4194242145","080000","","","","","N","","","","","","N","","1","01509200","08"
2012117338,"99","1","1401 BERLIN RD","","CHERRY HILL","PA","08034","RYDER TRUCK RENTAL LT","9999999999","026000","","","","","N","","","","","","N","","1","","09"
2012120041,"","9","UNKNOWN","","UNKNOWN","ZZ","99999","UNKNOWN","9999999999","","","","","","","","","","","","","","1","","99"
2012120041,"","9","UNKNOWN","","UNKNOWN","ZZ","99999","UNKNOWN","9999999999","","","","","","","","","","","","","","2","","99"
2012120145,"05","9","1200 STANLEY BLVD","","SHELBYVILLE","TN","99999","FINANCIAL CORP","9999999999","026000","","","","","","","","","","","U","","2","","08"
2012125528,"02","8","1234 MARKET ST","","PHILADELPHIA","PA","19107","SOUTHERN PENNA TRANSPORT AUTHORI","2155807460","999999","","","","","N","","","","","","N","","2","","11"
2012128144,"99","8","UNKNOWN","","UNKNOWN","ZZ","99999","SEPTA","9999999999","999999","","","","","N","","","","","","N","","1","","10"
2012128255,"99","8","1234 MARKET ST","","PHILADELPHIA","PA","19107","SOUTHEASTERN PA TRANS AUTHORITY","2155807800","","","","","","N","","","","","","N","","1","","11"
2012128315,"99","9","163 W THAYER ST","","PHILADELPHIA","PA","19140","EDWIN GONZALEZ","9999999999","025500","","","","","N","","","","","","N","","3","99999999","09"
2013006766,"02","1","255 W TULPEHOCKEN ST","","PHILADELPHIA","PA","19144","MCFARLAND LANDSCAPE SERVICES INC","2154383970","225400","","","","","N","","","","","","N","","1","02293721","03"
2013021000,"99","1","113 115 S 60TH ST","","PHILADELPHIA","PA","19139","APPLIANCE SURPLUS INC","2154744495","015000","","","","","","","","","","","U","","2","","05"
