"CRN","MC_BAG_IND","MC_DVR_BOOTS_IND","MC_DVR_EDC_IND","MC_DVR_EYEPRT_IND","MC_DVR_HLMTDOT_IND","MC_DVR_HLMTON_IND","MC_DVR_HLMT_TYPE","MC_DVR_LNGPNTS_IND","MC_DVR_LNGSLV_IND","MC_ENGINE_SIZE","MC_PASSNGR_IND","MC_PAS_BOOTS_IND","MC_PAS_EYEPRT_IND","MC_PAS_HLMTDOT_IND","MC_PAS_HLMTON_IND","MC_PAS_HLMT_TYPE","MC_PAS_LNGPNTS_IND","MC_PAS_LNGSLV_IND","MC_TRAIL_IND","PC_HDLGHT_IND","PC_HLMT_IND","PC_PASSNGR_IND","PC_REAR_RFLTR_IND","UNIT_NUM"
"2001007050","U","U","U","U","U","U","9","U","U","00000","U","U","U","U","U","9","U","U","U","","","","","2"
"2001007300","U","U","U","Y","U","U","9","U","U","00000","U","U","U","U","U","9","U","U","U","","","","","2"
"2001008619","U","U","U","U","U","U","9","U","U","00000","U","U","U","U","U","9","U","U","U","","","","","2"
"2001008650","U","U","U","Y","U","U","9","U","U","00000","U","U","U","U","U","9","U","U","U","","","","","2"
"2001008665","U","U","U","U","U","U","9","U","U","00000","U","U","U","U","U","9","U","U","U","","","","","1"
"2002001078","","","","","","","","","","","","","","","","","","","","U","Y","U","U","1"
"2002004242","","","","","","","","","","","","","","","","","","","","U","U","U","U","2"
"2002010449","U","U","U","N","N","N","0","U","U","99999","N","","","","","","","","U","","","","","1"
"2002010460","","","","","","","","","","","","","","","","","","","","U","U","U","U","2"
"2001019575","","","","","","","","","","","","","","","","","","","","U","U","U","U","2"
"2001019627","","","","","","","","","","","","","","","","","","","","U","U","U","U","2"
"2002012084","U","U","U","Y","U","U","9","U","U","00000","U","U","U","U","U","9","U","U","U","","","","","2"
"2002012783","U","U","U","Y","U","U","9","U","U","00000","U","U","U","U","U","9","U","U","U","","","","","1"
"2002013100","","","","","","","","","","","","","","","","","","","","U","U","U","U","2"
"2001204107","","","","","","","","","","","","","","","","","","","","U","U","N","U","2"
"2002016732","","","","","","","","","","","","","","","","","","","","U","U","Y","U","1"
"2002017183","","","","","","","","","","","","","","","","","","","","U","U","U","U","2"
"2001208978","U","U","U","U","U","U","9","U","U","00080","N","","","","","","","","U","","","","","1"
"2001208989","","","","","","","","","","","","","","","","","","","","U","U","N","U","2"
"2001209007","","","","","","","","","","","","","","","","","","","","U","U","N","U","2"
"2002022067","U","U","U","U","U","U","9","U","U","00000","U","U","U","U","U","9","U","U","U","","","","","1"
"2002022084","","","","","","","","","","","","","","","","","","","","U","U","U","U","2"
"2002023042","U","U","U","U","U","U","9","U","U","00000","Y","U","U","U","U","9","U","U","U","","","","","1"
"2002023925","","","","","","","","","","","","","","","","","","","","U","U","U","U","2"
"2002025034","U","U","U","U","U","U","9","U","U","00000","U","U","U","U","U","9","U","U","U","","","","","1"
"2002025179","U","U","U","U","U","U","9","U","U","00000","U","U","U","U","U","9","U","U","U","","","","","2"
"2002028516","U","U","U","U","U","U","9","U","U","00000","U","U","U","U","U","9","U","U","U","","","","","1"
"2002029480","","","","","","","","","","","","","","","","","","","","U","U","U","U","2"
"2002030990","","","","","","","","","","","","","","","","","","","","U","U","U","U","1"
"2002032084","","","","","","","","","","","","","","","","","","","","U","U","U","U","2"
"2001223834","U","U","U","U","U","U","9","U","U","00600","N","","","","","","","","U","","","","","1"
"2002037293","","","","","","","","","","","","","","","","","","","","U","U","U","U","2"
"2001231094","","","","","","","","","","","","","","","","","","","","U","U","N","U","2"
"2001231209","","","","","","","","","","","","","","","","","","","","U","U","N","U","2"
"2002041350","","","","","","","","","","","","","","","","","","","","U","U","U","U","2"
"2002043709","","","","","","","","","","","","","","","","","","","","U","U","U","U","1"
"2001238084","","","","","","","","","","","","","","","","","","","","U","U","N","U","2"
"2001238861","","","","","","","","","","","","","","","","","","","","U","U","N","U","1"
"2005148184","U","U","U","U","U","U","9","U","U","99999","N","","","","","","","","U","","","","","1"
"2001240155","U","U","U","U","U","U","9","U","U","00600","N","","","","","","","","U","","","","","1"
"2001243465","","","","","","","","","","","","","","","","","","","","U","U","N","U","1"
"2001243517","","","","","","","","","","","","","","","","","","","","U","U","N","U","2"
"2001244677","","","","","","","","","","","","","","","","","","","","U","U","N","U","2"
"2001244850","","","","","","","","","","","","","","","","","","","","U","U","N","U","1"
"2001244922","","","","","","","","","","","","","","","","","","","","U","U","N","U","1"
"2002046745","U","U","U","U","U","U","9","U","U","00000","U","U","U","U","U","9","U","U","U","","","","","1"
"2001265950","","","","","","","","","","","","","","","","","","","","U","U","N","U","2"
"2001265962","","","","","","","","","","","","","","","","","","","","U","U","N","U","1"
"2001266711","","","","","","","","","","","","","","","","","","","","U","U","N","U","1"
"2001007297","","","","","","","","","","","","","","","","","","","","U","U","U","U","2"
"2001010313","","","","","","","","","","","","","","","","","","","","U","U","U","U","2"
"2002001043","","","","","","","","","","","","","","","","","","","","U","U","U","U","2"
"2002004738","","","","","","","","","","","","","","","","","","","","U","U","U","U","1"
"2001016711","","","","","","","","","","","","","","","","","","","","U","Y","U","U","3"
"2002010746","","","","","","","","","","","","","","","","","","","","U","U","U","U","1"
"2002012656","U","U","U","U","U","U","9","U","U","00000","U","U","U","U","U","9","U","U","U","","","","","2"
"2002013094","","","","","","","","","","","","","","","","","","","","U","U","U","U","2"
"2002014627","U","U","U","U","U","U","9","U","U","00000","U","U","U","U","U","9","U","U","U","","","","","1"
"2002016745","U","U","U","Y","U","U","9","U","U","00000","U","U","U","U","U","9","U","U","U","","","","","1"
"2002020086","","","","","","","","","","","","","","","","","","","","U","U","U","U","2"
"2002020119","","","","","","","","","","","","","","","","","","","","U","U","U","U","1"
"2002020494","","","","","","","","","","","","","","","","","","","","U","U","U","U","2"
"2001207603","","","","","","","","","","","","","","","","","","","","U","U","N","U","2"
"2001207839","","","","","","","","","","","","","","","","","","","","U","U","N","U","2"
"2002022506","U","U","U","U","U","U","9","U","U","00000","U","U","U","U","U","9","U","U","U","","","","","1"
"2002023896","U","U","U","U","U","U","9","U","U","00000","U","U","U","U","U","9","U","U","U","","","","","1"
"2002024048","U","U","U","U","U","U","9","U","U","99999","N","","","","","","","","U","","","","","2"
"2002025049","","","","","","","","","","","","","","","","","","","","U","U","U","U","2"
"2001211500","","","","","","","","","","","","","","","","","","","","U","U","N","U","1"
"2001215692","","","","","","","","","","","","","","","","","","","","U","U","N","U","2"
"2002026633","","","","","","","","","","","","","","","","","","","","U","U","U","U","2"
"2002028081","U","U","U","U","U","U","9","U","U","00000","U","U","U","U","U","9","U","U","U","","","","","5"
"2002029385","","","","","","","","","","","","","","","","","","","","U","U","U","U","1"
"2002032104","U","U","U","U","U","U","9","U","U","00000","U","U","U","U","U","9","U","U","U","","","","","1"
"2002032107","","","","","","","","","","","","","","","","","","","","U","U","U","U","2"
"2002032468","","","","","","","","","","","","","","","","","","","","U","U","U","U","2"
"2002035136","","","","","","","","","","","","","","","","","","","","U","U","U","U","1"
"2002038311","U","U","U","U","U","U","9","U","U","00000","U","U","U","U","U","9","U","U","U","","","","","2"
"2002039365","","","","","","","","","","","","","","","","","","","","U","Y","U","U","2"
"2001233254","","","","","","","","","","","","","","","","","","","","U","U","N","U","2"
"2002041953","","","","","","","","","","","","","","","","","","","","U","U","U","U","2"
"2001233397","U","U","U","U","U","U","9","U","U","01200","N","","","","","","","","U","","","","","1"
"2001239062","","","","","","","","","","","","","","","","","","","","U","U","N","U","2"
"2001240138","U","U","U","U","U","U","9","U","U","00400","N","","","","","","","","U","","","","","1"
"2001243098","U","U","U","U","U","U","9","U","U","00249","N","","","","","","","","U","","","","","1"
"2001243720","","","","","","","","","","","","","","","","","","","","U","U","N","U","2"
"2001244729","","","","","","","","","","","","","","","","","","","","U","U","N","U","2"
"2001244775","U","U","U","U","U","U","9","U","U","00747","N","","","","","","","","U","","","","","1"
"2001244855","","","","","","","","","","","","","","","","","","","","U","U","N","U","2"
"2001244918","U","U","U","U","U","U","9","U","U","00000","N","","","","","","","","U","","","","","2"
"2001245546","","","","","","","","","","","","","","","","","","","","U","U","N","U","2"
"2001249656","U","U","U","U","U","U","9","U","U","00600","N","","","","","","","","U","","","","","2"
"2002045686","","","","","","","","","","","","","","","","","","","","U","U","U","U","2"
"2002046291","U","U","U","U","U","U","9","U","U","00000","Y","U","U","U","U","9","U","U","U","","","","","1"
"2002046326","","","","","","","","","","","","","","","","","","","","U","U","U","U","2"
"2002050200","","","","","","","","","","","","","","","","","","","","U","U","U","U","2"
"2001283550","","","","","","","","","","","","","","","","","","","","U","U","N","U","2"
"2001288505","","","","","","","","","","","","","","","","","","","","U","U","N","U","2"
"2001400298","U","U","U","U","U","U","9","U","U","00000","N","","","","","","","","U","","","","","1"
"2001400999","","","","","","","","","","","","","","","","","","","","U","U","N","U","2"
"2001006947","","","","","","","","","","","","","","","","","","","","U","U","U","U","2"
"2001007041","U","U","U","U","U","U","9","U","U","00000","U","U","U","U","U","9","U","U","U","","","","","1"
"2001007088","","","","","","","","","","","","","","","","","","","","U","U","U","U","2"
"2001008785","","","","","","","","","","","","","","","","","","","","U","U","U","U","2"
"2001009006","U","U","U","U","U","U","9","U","U","00000","U","U","U","U","U","9","U","U","U","","","","","1"
"2002004246","U","U","U","Y","U","U","9","U","U","00000","U","U","U","U","U","9","U","U","U","","","","","1"
"2002004247","","","","","","","","","","","","","","","","","","","","U","U","U","U","2"
"2002010834","","","","","","","","","","","","","","","","","","","","U","U","U","U","2"
"2002012233","","","","","","","","","","","","","","","","","","","","U","U","U","U","2"
"2002015180","U","U","U","Y","U","U","9","U","U","00000","U","U","U","U","U","9","U","U","U","","","","","1"
"2002016675","U","U","U","U","U","U","9","U","U","00000","U","U","U","U","U","9","U","U","U","","","","","1"
"2002017241","U","U","U","U","U","U","9","U","U","00000","U","U","U","U","U","9","U","U","U","","","","","1"
"2002017247","","","","","","","","","","","","","","","","","","","","U","U","U","U","2"
"2002017508","","","","","","","","","","","","","","","","","","","","U","U","Y","U","1"
"2002017528","U","U","U","Y","U","U","9","U","U","00000","U","U","U","U","U","9","U","U","U","","","","","2"
"2002018893","U","U","U","Y","U","U","9","U","U","00000","U","U","U","U","U","9","U","U","U","","","","","1"
"2002020106","U","U","U","U","U","U","9","U","U","00000","U","U","U","U","U","9","U","U","U","","","","","3"
"2002020175","","","","","","","","","","","","","","","","","","","","U","U","U","U","2"
"2002020698","","","","","","","","","","","","","","","","","","","","U","U","U","U","2"
"2001207608","","","","","","","","","","","","","","","","","","","","U","U","N","U","2"
"2001209110","","","","","","","","","","","","","","","","","","","","U","U","N","U","2"
"2001211359","U","U","U","U","U","U","9","U","U","00000","Y","U","U","U","U","9","U","U","U","","","","","1"
"2002022844","","","","","","","","","","","","","","","","","","","","U","U","U","U","1"
"2002023693","U","U","U","U","U","U","9","U","U","00000","U","U","U","U","U","9","U","U","U","","","","","1"
"2002025041","","","","","","","","","","","","","","","","","","","","U","Y","U","U","1"
"2002028473","","","","","","","","","","","","","","","","","","","","U","U","U","U","2"
"2002028700","U","U","U","U","U","U","9","U","U","00000","U","U","U","U","U","9","U","U","U","","","","","2"
"2002030261","U","U","U","U","U","U","9","U","U","00000","U","U","U","U","U","9","U","U","U","","","","","1"
"2001216867","","","","","","","","","","","","","","","","","","","","U","U","N","U","2"
"2001216962","","","","","","","","","","","","","","","","","","","","U","U","N","U","2"
"2002032128","","","","","","","","","","","","","","","","","","","","U","U","U","U","2"
"2002033589","U","U","U","Y","U","U","9","U","U","00000","U","U","U","U","U","9","U","U","U","","","","","2"
"2002035974","","","","","","","","","","","","","","","","","","","","U","U","U","U","2"
"2002036050","","","","","","","","","","","","","","","","","","","","U","U","U","U","2"
"2002038796","U","U","U","U","U","U","9","U","U","00000","U","U","U","U","U","9","U","U","U","","","","","1"
"2002039515","U","U","U","U","U","U","9","U","U","00000","U","U","U","U","U","9","U","U","U","","","","","1"
"2001231228","","","","","","","","","","","","","","","","","","","","U","U","N","U","2"
"2001231657","","","","","","","","","","","","","","","","","","","","U","U","N","U","2"
"2001233110","","","","","","","","","","","","","","","","","","","","U","U","N","U","2"
"2002040109","","","","","","","","","","","","","","","","","","","","U","U","U","U","2"
"2002041373","","","","","","","","","","","","","","","","","","","","U","U","U","U","2"
"2002042596","U","U","U","Y","U","U","9","U","U","00000","U","U","U","U","U","9","U","U","U","","","","","1"
"2001237055","U","U","U","U","U","U","9","U","U","00000","N","","","","","","","","U","","","","","1"
"2001238191","","","","","","","","","","","","","","","","","","","","U","U","N","U","2"
"2001238228","U","U","U","U","U","U","9","U","U","00079","N","","","","","","","","U","","","","","2"
"2001239129","U","U","U","U","U","U","9","U","U","00000","N","","","","","","","","U","","","","","1"
"2001243082","","","","","","","","","","","","","","","","","","","","U","U","N","U","2"
"2001243459","","","","","","","","","","","","","","","","","","","","U","U","N","U","2"
"2001243615","U","U","U","U","U","U","9","U","U","01099","N","","","","","","","","U","","","","","1"
"2001244659","U","U","U","U","U","U","9","U","U","00599","N","","","","","","","","U","","","","","2"
"2001244669","","","","","","","","","","","","","","","","","","","","U","U","N","U","2"
"2001244759","","","","","","","","","","","","","","","","","","","","U","U","N","U","2"
"2001248778","","","","","","","","","","","","","","","","","","","","U","U","N","U","2"
"2002061795","U","U","U","Y","U","U","9","U","U","00000","U","U","U","U","U","9","U","U","U","","","","","2"
"2001265475","","","","","","","","","","","","","","","","","","","","U","U","N","U","2"
"2001265478","","","","","","","","","","","","","","","","","","","","U","U","N","U","1"
"2001283851","U","U","U","U","U","U","9","U","U","00000","N","","","","","","","","U","","","","","2"
"2001400610","U","U","U","U","U","U","9","U","U","00749","N","","","","","","","","U","","","","","1"
"2001007061","U","U","U","Y","U","U","9","U","U","00000","U","U","U","U","U","9","U","U","U","","","","","1"
"2001010294","","","","","","","","","","","","","","","","","","","","U","U","U","U","2"
"2002001077","","","","","","","","","","","","","","","","","","","","U","U","U","U","2"
"2001016726","","","","","","","","","","","","","","","","","","","","U","U","U","U","2"
"2001016730","","","","","","","","","","","","","","","","","","","","U","U","U","U","1"
"2001019510","","","","","","","","","","","","","","","","","","","","U","U","U","U","2"
"2001019644","U","U","U","U","U","U","9","U","U","00000","U","U","U","U","U","9","U","U","U","","","","","1"
"2002007925","","","","","","","","","","","","","","","","","","","","U","U","U","U","2"
"2002010524","","","","","","","","","","","","","","","","","","","","U","Y","U","U","2"
"2002012192","U","U","U","Y","U","U","9","U","U","00000","U","U","U","U","U","9","U","U","U","","","","","1"
"2002012239","U","U","U","U","U","U","9","U","U","00000","U","U","U","U","U","9","U","U","U","","","","","1"
"2002017170","U","U","U","U","U","U","9","U","U","00000","U","U","U","U","U","9","U","U","U","","","","","1"
"2002017249","","","","","","","","","","","","","","","","","","","","U","U","U","U","2"
"2002020167","U","U","U","U","U","U","9","U","U","00000","U","U","U","U","U","9","U","U","U","","","","","1"
"2002020435","","","","","","","","","","","","","","","","","","","","U","U","Y","U","2"
"2001210600","","","","","","","","","","","","","","","","","","","","U","U","N","U","1"
"2001211363","","","","","","","","","","","","","","","","","","","","U","U","N","U","2"
"2002022832","U","U","U","U","U","U","9","U","U","00000","U","U","U","U","U","9","U","U","U","","","","","2"
"2002023071","","","","","","","","","","","","","","","","","","","","U","U","U","U","2"
"2002025062","","","","","","","","","","","","","","","","","","","","U","U","U","U","2"
"2002026478","","","","","","","","","","","","","","","","","","","","U","U","U","U","2"
"2001213176","","","","","","","","","","","","","","","","","","","","U","U","N","U","2"
"2001215558","","","","","","","","","","","","","","","","","","","","U","U","N","U","2"
"2002028097","U","U","U","U","U","U","9","U","U","00000","Y","U","U","U","U","9","U","U","U","","","","","1"
"2002028694","U","U","U","Y","U","U","9","U","U","00000","U","U","U","U","U","9","U","U","U","","","","","2"
"2002032582","U","U","U","U","U","U","9","U","U","00000","U","U","U","U","U","9","U","U","U","","","","","5"
"2001223839","","","","","","","","","","","","","","","","","","","","U","U","N","U","2"
"2001223852","","","","","","","","","","","","","","","","","","","","U","U","N","U","2"
"2006125400","","","","","","","","","","","","","","","","","","","","U","N","N","U","2"
"2002037673","","","","","","","","","","","","","","","","","","","","U","U","U","U","1"
"2001233076","","","","","","","","","","","","","","","","","","","","U","U","N","U","2"
"2001233140","U","U","U","U","U","U","9","U","U","01299","N","","","","","","","","U","","","","","1"
"2001233509","","","","","","","","","","","","","","","","","","","","U","U","N","U","2"
"2002041563","","","","","","","","","","","","","","","","","","","","U","U","U","U","2"
"2002045793","U","U","U","U","U","U","9","U","U","00000","U","U","U","U","U","9","U","U","U","","","","","2"
"2002045859","U","U","U","U","U","U","9","U","U","00000","U","U","U","U","U","9","U","U","U","","","","","1"
"2001239106","","","","","","","","","","","","","","","","","","","","U","U","N","U","2"
"2001239120","","","","","","","","","","","","","","","","","","","","U","U","N","U","2"
"2001239146","","","","","","","","","","","","","","","","","","","","U","U","N","U","2"
"2001240199","","","","","","","","","","","","","","","","","","","","U","U","N","U","2"
"2001240206","","","","","","","","","","","","","","","","","","","","U","U","N","U","2"
"2001240954","","","","","","","","","","","","","","","","","","","","U","U","N","U","2"
"2001243572","","","","","","","","","","","","","","","","","","","","U","U","N","U","2"
"2001243639","","","","","","","","","","","","","","","","","","","","U","U","N","U","2"
"2001243678","","","","","","","","","","","","","","","","","","","","U","U","N","U","1"
"2001243719","","","","","","","","","","","","","","","","","","","","U","U","N","U","2"
"2001244744","U","U","U","U","U","U","9","U","U","00000","N","","","","","","","","U","","","","","1"
"2001244914","","","","","","","","","","","","","","","","","","","","U","U","N","U","2"
"2001248791","","","","","","","","","","","","","","","","","","","","U","U","N","U","1"
"2002050445","","","","","","","","","","","","","","","","","","","","U","U","U","U","2"
"2001267401","","","","","","","","","","","","","","","","","","","","U","U","N","U","2"
"2001287525","","","","","","","","","","","","","","","","","","","","U","U","N","U","1"
"2001400385","U","U","U","U","U","U","9","U","U","01299","N","","","","","","","","U","","","","","1"
"2001400613","U","U","U","U","U","U","9","U","U","00500","N","","","","","","","","U","","","","","1"
"2001007244","","","","","","","","","","","","","","","","","","","","U","U","U","U","2"
"2001018239","U","U","U","U","U","U","9","U","U","00000","U","U","U","U","U","9","U","U","U","","","","","2"
"2002010467","","","","","","","","","","","","","","","","","","","","U","U","U","U","2"
"2002012086","U","U","U","U","U","U","9","U","U","00000","U","U","U","U","U","9","U","U","U","","","","","1"
"2002012153","","","","","","","","","","","","","","","","","","","","U","U","U","U","2"
"2002014600","","","","","","","","","","","","","","","","","","","","U","U","U","U","1"
"2002016368","","","","","","","","","","","","","","","","","","","","U","U","U","U","2"
"2001207610","","","","","","","","","","","","","","","","","","","","U","U","N","U","2"
"2002016818","U","U","U","Y","U","U","9","U","U","00000","U","U","U","U","U","9","U","U","U","","","","","2"
"2002017170","U","U","U","U","U","U","9","U","U","00000","U","U","U","U","U","9","U","U","U","","","","","2"
"2002017170","U","U","U","U","U","U","9","U","U","00000","U","U","U","U","U","9","U","U","U","","","","","3"
"2002017864","","","","","","","","","","","","","","","","","","","","U","U","U","U","2"
"2002020069","","","","","","","","","","","","","","","","","","","","U","U","U","U","2"
"2002020431","","","","","","","","","","","","","","","","","","","","U","U","U","U","2"
"2001215594","","","","","","","","","","","","","","","","","","","","U","U","N","U","2"
"2002022782","","","","","","","","","","","","","","","","","","","","U","U","U","U","2"
"2002023051","U","U","U","Y","U","U","9","U","U","00000","U","U","U","U","U","9","U","U","U","","","","","2"
"2002023611","","","","","","","","","","","","","","","","","","","","U","U","U","U","2"
"2002026295","U","U","U","Y","U","U","9","U","U","00000","U","U","U","U","U","9","U","U","U","","","","","2"
"2002026324","","","","","","","","","","","","","","","","","","","","U","U","U","U","3"
"2002026581","","","","","","","","","","","","","","","","","","","","U","U","U","U","2"
"2002026637","","","","","","","","","","","","","","","","","","","","U","U","U","U","2"
"2002026651","","","","","","","","","","","","","","","","","","","","U","U","U","U","1"
"2002028471","","","","","","","","","","","","","","","","","","","","U","U","U","U","2"
"2002029751","","","","","","","","","","","","","","","","","","","","U","U","U","U","2"
"2002032121","","","","","","","","","","","","","","","","","","","","U","U","U","U","1"
"2001223811","","","","","","","","","","","","","","","","","","","","U","U","N","U","2"
"2002033624","","","","","","","","","","","","","","","","","","","","U","U","U","U","2"
"2002034852","U","U","U","U","U","U","9","U","U","00000","U","U","U","U","U","9","U","U","U","","","","","1"
"2002037170","U","U","U","U","U","U","9","U","U","00000","U","U","U","U","U","9","U","U","U","","","","","1"
"2002037978","U","U","U","Y","U","U","9","U","U","00000","U","U","U","U","U","9","U","U","U","","","","","2"
"2002044068","","","","","","","","","","","","","","","","","","","","U","U","N","U","1"
"2001239000","","","","","","","","","","","","","","","","","","","","U","U","N","U","2"
"2001239046","","","","","","","","","","","","","","","","","","","","U","U","N","U","2"
"2001239130","","","","","","","","","","","","","","","","","","","","U","U","N","U","2"
"2001240064","","","","","","","","","","","","","","","","","","","","U","U","N","U","2"
"2001240068","","","","","","","","","","","","","","","","","","","","U","U","N","U","1"
"2001243455","","","","","","","","","","","","","","","","","","","","U","U","N","U","2"
"2001243499","","","","","","","","","","","","","","","","","","","","U","U","N","U","2"
"2001243586","","","","","","","","","","","","","","","","","","","","U","U","N","U","2"
"2001243662","","","","","","","","","","","","","","","","","","","","U","U","N","U","2"
"2001244629","U","U","U","U","U","U","9","U","U","00749","N","","","","","","","","U","","","","","1"
"2001244655","","","","","","","","","","","","","","","","","","","","U","U","N","U","2"
"2001244842","","","","","","","","","","","","","","","","","","","","U","U","N","U","2"
"2001244860","","","","","","","","","","","","","","","","","","","","U","U","N","U","1"
"2001259764","","","","","","","","","","","","","","","","","","","","U","U","N","U","3"
"2001265472","","","","","","","","","","","","","","","","","","","","U","U","N","U","2"
"2001267405","","","","","","","","","","","","","","","","","","","","U","U","N","U","2"
"2001400734","U","U","U","U","U","U","9","U","U","00600","N","","","","","","","","U","","","","","1"
"2001401414","U","U","U","U","U","U","9","U","U","00000","U","U","U","U","U","9","U","U","U","","","","","1"
"2001007001","","","","","","","","","","","","","","","","","","","","U","U","U","U","1"
"2001007123","","","","","","","","","","","","","","","","","","","","U","U","U","U","2"
"2001007251","","","","","","","","","","","","","","","","","","","","U","N","N","U","2"
"2001007384","","","","","","","","","","","","","","","","","","","","U","U","U","U","2"
"2001009254","","","","","","","","","","","","","","","","","","","","U","U","U","U","2"
"2002001090","","","","","","","","","","","","","","","","","","","","U","U","U","U","2"
"2001016711","","","","","","","","","","","","","","","","","","","","U","Y","U","U","2"
"2001016711","","","","","","","","","","","","","","","","","","","","U","Y","U","U","4"
"2001016748","","","","","","","","","","","","","","","","","","","","U","Y","U","U","2"
"2001016986","","","","","","","","","","","","","","","","","","","","U","U","U","U","1"
"2002007946","U","U","U","U","U","U","9","U","U","99999","N","","","","","","","","U","","","","","1"
"2002010518","U","U","U","U","U","U","9","U","U","00000","U","U","U","U","U","9","U","U","U","","","","","2"
"2004087697","N","U","N","U","","","0","U","U","99999","N","","","","","","","","N","","","","","2"
"2002012660","","","","","","","","","","","","","","","","","","","","U","U","U","U","2"
"2002016713","U","U","U","U","U","U","9","U","U","00000","U","U","U","U","U","9","U","U","U","","","","","1"
"2002017162","U","U","U","U","U","U","9","U","U","00000","U","U","U","U","U","9","U","U","U","","","","","1"
"2002017269","","","","","","","","","","","","","","","","","","","","U","Y","U","U","2"
"2002017619","U","U","U","U","U","U","9","U","U","00000","U","U","U","U","U","9","U","U","U","","","","","2"
"2001208907","","","","","","","","","","","","","","","","","","","","U","U","N","U","2"
"2002023691","U","U","U","U","U","U","9","U","U","00000","U","U","U","U","U","9","U","U","U","","","","","1"
"2002025166","U","U","U","U","U","U","9","U","U","00000","Y","U","U","U","U","9","U","U","U","","","","","1"
"2001216889","U","U","U","U","U","U","9","U","U","00000","N","","","","","","","","U","","","","","1"
"2002027372","","","","","","","","","","","","","","","","","","","","U","Y","U","U","2"
"2001223856","","","","","","","","","","","","","","","","","","","","U","U","N","U","2"
"2002032184","U","U","U","U","U","U","9","U","U","00000","U","U","U","U","U","9","U","U","U","","","","","1"
"2002036045","","","","","","","","","","","","","","","","","","","","U","U","U","U","1"
"2002037863","","","","","","","","","","","","","","","","","","","","U","U","U","U","2"
"2002039616","","","","","","","","","","","","","","","","","","","","U","U","U","U","2"
"2001233145","","","","","","","","","","","","","","","","","","","","U","U","N","U","2"
"2001234533","U","U","U","U","U","U","9","U","U","00000","N","","","","","","","","U","","","","","1"
"2001236842","","","","","","","","","","","","","","","","","","","","U","U","N","U","2"
"2002041438","","","","","","","","","","","","","","","","","","","","U","U","U","U","2"
"2001238053","","","","","","","","","","","","","","","","","","","","U","U","N","U","2"
"2001238954","U","U","U","U","U","U","9","U","U","01520","N","","","","","","","","U","","","","","2"
"2001238967","","","","","","","","","","","","","","","","","","","","U","U","N","U","2"
"2001239051","U","U","U","U","U","U","9","U","U","01299","N","","","","","","","","U","","","","","1"
"2001239098","U","U","U","U","U","U","9","U","U","00599","N","","","","","","","","U","","","","","2"
"2001239112","","","","","","","","","","","","","","","","","","","","U","U","N","U","1"
"2001243338","","","","","","","","","","","","","","","","","","","","U","U","N","U","2"
"2001243640","U","U","U","U","U","U","9","U","U","01340","Y","U","U","U","U","9","U","U","U","","","","","1"
"2001244882","","","","","","","","","","","","","","","","","","","","U","U","N","U","2"
"2001259764","","","","","","","","","","","","","","","","","","","","U","U","N","U","2"
"2001267412","","","","","","","","","","","","","","","","","","","","U","U","N","U","2"
"2001288303","","","","","","","","","","","","","","","","","","","","U","U","N","U","1"
"2001007014","U","U","U","U","U","U","9","U","U","00000","U","U","U","U","U","9","U","U","U","","","","","1"
"2001007227","U","U","U","N","U","U","1","U","U","99999","N","","","","","","","","U","","","","","2"
"2001007408","U","U","U","Y","U","U","9","U","U","00000","U","U","U","U","U","9","U","U","U","","","","","2"
"2001010295","","","","","","","","","","","","","","","","","","","","U","U","U","U","1"
"2002001076","","","","","","","","","","","","","","","","","","","","U","U","U","U","1"
"2001019547","","","","","","","","","","","","","","","","","","","","U","U","U","U","2"
"2001019604","","","","","","","","","","","","","","","","","","","","U","U","U","U","2"
"2002012161","U","U","U","U","U","U","9","U","U","00000","U","U","U","U","U","9","U","U","U","","","","","2"
"2002013096","U","U","U","Y","U","U","9","U","U","00000","U","U","U","U","U","9","U","U","U","","","","","2"
"2002014920","","","","","","","","","","","","","","","","","","","","U","Y","U","U","2"
"2002014960","U","U","U","Y","U","U","9","U","U","00000","U","U","U","U","U","9","U","U","U","","","","","2"
"2002018880","","","","","","","","","","","","","","","","","","","","U","U","U","U","1"
"2002020694","","","","","","","","","","","","","","","","","","","","U","U","U","U","1"
"2001207565","","","","","","","","","","","","","","","","","","","","U","U","N","U","2"
"2001209168","","","","","","","","","","","","","","","","","","","","U","U","N","U","2"
"2001209180","","","","","","","","","","","","","","","","","","","","U","U","N","U","2"
"2002026334","U","U","U","U","U","U","9","U","U","00000","U","U","U","U","U","9","U","U","U","","","","","2"
"2002026367","U","U","U","U","U","U","9","U","U","00000","U","U","U","U","U","9","U","U","U","","","","","1"
"2002026489","U","U","U","U","U","U","9","U","U","00000","U","U","U","U","U","9","U","U","U","","","","","1"
"2001215622","","","","","","","","","","","","","","","","","","","","U","U","N","U","2"
"2002026674","U","U","U","U","U","U","9","U","U","00000","U","U","U","U","U","9","U","U","U","","","","","1"
"2002027526","","","","","","","","","","","","","","","","","","","","U","U","U","U","1"
"2002028671","","","","","","","","","","","","","","","","","","","","U","U","U","U","2"
"2002029464","","","","","","","","","","","","","","","","","","","","U","U","U","U","3"
"2002032097","U","U","U","Y","U","U","9","U","U","00000","U","U","U","U","U","9","U","U","U","","","","","1"
"2002034057","","","","","","","","","","","","","","","","","","","","U","U","U","U","2"
"2002039387","U","U","U","U","U","U","9","U","U","00000","U","U","U","U","U","9","U","U","U","","","","","1"
"2001234141","U","U","U","U","U","U","9","U","U","00599","N","","","","","","","","U","","","","","1"
"2001238238","U","U","U","U","U","U","9","U","U","00600","Y","U","U","U","U","9","U","U","U","","","","","2"
"2001238863","","","","","","","","","","","","","","","","","","","","U","U","N","U","2"
"2001240025","","","","","","","","","","","","","","","","","","","","U","U","N","U","2"
"2001240126","","","","","","","","","","","","","","","","","","","","U","U","N","U","2"
"2001240210","","","","","","","","","","","","","","","","","","","","U","U","N","U","2"
"2001243325","","","","","","","","","","","","","","","","","","","","U","U","N","U","2"
"2001243688","U","U","U","U","U","U","9","U","U","00805","Y","U","U","U","U","9","U","U","U","","","","","2"
"2001244761","","","","","","","","","","","","","","","","","","","","U","U","N","U","2"
"2001249065","","","","","","","","","","","","","","","","","","","","U","U","N","U","2"
"2002045666","U","U","U","U","U","U","9","U","U","00000","U","U","U","U","U","9","U","U","U","","","","","1"
"2001265482","","","","","","","","","","","","","","","","","","","","U","U","N","U","2"
"2001288561","U","U","U","U","U","U","9","U","U","00000","Y","U","U","U","U","9","U","U","U","","","","","1"
"2001400615","U","U","U","U","U","U","9","U","U","00600","N","","","","","","","","U","","","","","1"
"2001007399","","","","","","","","","","","","","","","","","","","","U","Y","U","U","1"
"2001016714","","","","","","","","","","","","","","","","","","","","U","U","U","U","2"
"2002008918","","","","","","","","","","","","","","","","","","","","U","U","U","U","2"
"2001200910","U","U","U","U","U","U","9","U","U","00000","N","","","","","","","","U","","","","","1"
"2002014574","","","","","","","","","","","","","","","","","","","","U","U","U","U","1"
"2001207679","","","","","","","","","","","","","","","","","","","","U","U","N","U","2"
"2002016692","U","U","U","U","U","U","9","U","U","00000","U","U","U","U","U","9","U","U","U","","","","","1"
"2002019301","U","U","U","U","U","U","9","U","U","00000","U","U","U","U","U","9","U","U","U","","","","","2"
"2002020037","U","U","U","U","U","U","9","U","U","00000","U","U","U","U","U","9","U","U","U","","","","","2"
"2001209105","U","U","U","U","U","U","9","U","U","01450","N","","","","","","","","U","","","","","2"
"2001210652","U","U","U","U","U","U","9","U","U","01299","N","","","","","","","","U","","","","","1"
"2001210705","U","U","U","U","U","U","9","U","U","00599","N","","","","","","","","U","","","","","2"
"2001210734","","","","","","","","","","","","","","","","","","","","U","U","N","U","1"
"2001211420","U","U","U","U","U","U","9","U","U","00000","N","","","","","","","","U","","","","","1"
"2002022846","","","","","","","","","","","","","","","","","","","","U","U","U","U","2"
"2002023637","","","","","","","","","","","","","","","","","","","","U","U","Y","U","2"
"2001216886","","","","","","","","","","","","","","","","","","","","U","U","N","U","2"
"2001216918","","","","","","","","","","","","","","","","","","","","U","U","N","U","2"
"2002028090","U","U","U","U","U","U","9","U","U","00000","U","U","U","U","U","9","U","U","U","","","","","1"
"2002028540","","","","","","","","","","","","","","","","","","","","U","U","U","U","2"
"2002029458","","","","","","","","","","","","","","","","","","","","U","U","U","U","2"
"2002029561","","","","","","","","","","","","","","","","","","","","U","U","U","U","2"
"2002029991","","","","","","","","","","","","","","","","","","","","U","U","U","U","2"
"2002035998","U","U","U","U","U","U","9","U","U","00000","U","U","U","U","U","9","U","U","U","","","","","2"
"2001223769","U","U","U","U","U","U","9","U","U","00599","N","","","","","","","","U","","","","","1"
"2002037096","U","U","U","U","U","U","9","U","U","00000","U","U","U","U","U","9","U","U","U","","","","","1"
"2002039345","U","U","U","U","U","U","9","U","U","00000","U","U","U","U","U","9","U","U","U","","","","","1"
"2002045899","","","","","","","","","","","","","","","","","","","","U","U","U","U","1"
"2002046264","","","","","","","","","","","","","","","","","","","","U","U","U","U","2"
"2001238072","","","","","","","","","","","","","","","","","","","","U","U","N","U","2"
"2001239084","","","","","","","","","","","","","","","","","","","","U","U","N","U","2"
"2001239097","U","U","U","U","U","U","9","U","U","00600","N","","","","","","","","U","","","","","3"
"2001240147","","","","","","","","","","","","","","","","","","","","U","U","N","U","2"
"2001240944","","","","","","","","","","","","","","","","","","","","U","U","Y","U","1"
"2001243575","","","","","","","","","","","","","","","","","","","","U","U","Y","U","2"
"2001243621","","","","","","","","","","","","","","","","","","","","U","U","N","U","2"
"2001244681","","","","","","","","","","","","","","","","","","","","U","U","N","U","2"
"2001244755","U","U","U","U","U","U","9","U","U","00000","Y","U","U","U","U","9","U","U","U","","","","","1"
"2001244878","","","","","","","","","","","","","","","","","","","","U","U","N","U","1"
"2001244928","","","","","","","","","","","","","","","","","","","","U","U","N","U","2"
"2001248792","","","","","","","","","","","","","","","","","","","","U","U","N","U","2"
"2001250501","U","U","U","U","U","U","9","U","U","00500","N","","","","","","","","U","","","","","2"
"2002050202","","","","","","","","","","","","","","","","","","","","U","U","U","U","2"
"2001259798","","","","","","","","","","","","","","","","","","","","U","U","N","U","2"
"2001265481","","","","","","","","","","","","","","","","","","","","U","U","N","U","1"
"2001283778","U","U","U","U","U","U","9","U","U","00900","N","","","","","","","","U","","","","","1"
"2001400418","U","U","U","U","U","U","9","U","U","00600","N","","","","","","","","U","","","","","1"
"2001400742","U","U","U","U","U","U","9","U","U","00937","N","","","","","","","","U","","","","","1"
"2002005841","","","","","","","","","","","","","","","","","","","","U","Y","U","U","2"
"2001016768","U","U","U","U","U","U","9","U","U","00000","Y","U","U","U","U","9","U","U","U","","","","","1"
"2001019279","U","U","U","Y","U","U","9","U","U","00000","Y","U","Y","U","U","9","U","U","U","","","","","1"
"2002016730","","","","","","","","","","","","","","","","","","","","U","U","U","U","1"
"2001206210","","","","","","","","","","","","","","","","","","","","U","U","N","U","2"
"2002017529","U","U","U","U","U","U","9","U","U","00000","U","U","U","U","U","9","U","U","U","","","","","1"
"2002018534","","","","","","","","","","","","","","","","","","","","U","U","U","U","2"
"2002018925","","","","","","","","","","","","","","","","","","","","U","U","Y","U","2"
"2002020154","","","","","","","","","","","","","","","","","","","","U","U","U","U","2"
"2001208906","","","","","","","","","","","","","","","","","","","","U","U","N","U","2"
"2001208966","","","","","","","","","","","","","","","","","","","","U","U","N","U","2"
"2002023684","","","","","","","","","","","","","","","","","","","","U","U","U","U","1"
"2002026467","","","","","","","","","","","","","","","","","","","","U","U","U","U","2"
"2001214243","","","","","","","","","","","","","","","","","","","","U","U","N","U","2"
"2001215618","","","","","","","","","","","","","","","","","","","","U","U","N","U","2"
"2002027879","","","","","","","","","","","","","","","","","","","","U","U","Y","U","2"
"2002028535","U","U","U","Y","U","U","9","U","U","00000","U","U","U","U","U","9","U","U","U","","","","","1"
"2002028680","","","","","","","","","","","","","","","","","","","","U","U","U","U","2"
"2002029156","U","U","U","U","U","U","9","U","U","00000","U","U","U","U","U","9","U","U","U","","","","","2"
"2002032609","U","U","U","U","U","U","9","U","U","00000","U","U","U","U","U","9","U","U","U","","","","","2"
"2002035131","","","","","","","","","","","","","","","","","","","","U","U","U","U","2"
"2002036383","U","U","U","U","U","U","9","U","U","00000","U","U","U","U","U","9","U","U","U","","","","","1"
"2001223936","","","","","","","","","","","","","","","","","","","","U","U","N","U","2"
"2002041344","","","","","","","","","","","","","","","","","","","","U","U","U","U","2"
"2003025593","U","U","U","U","U","U","9","U","U","00000","Y","U","U","U","U","9","U","U","U","","","","","2"
"2003056628","","","","","","","","","","","","","","","","","","","","U","U","Y","U","2"
"2001238119","","","","","","","","","","","","","","","","","","","","U","U","N","U","2"
"2001238227","","","","","","","","","","","","","","","","","","","","U","U","N","U","2"
"2002045756","","","","","","","","","","","","","","","","","","","","U","U","U","U","2"
"2002045926","U","U","U","U","U","U","9","U","U","00000","U","U","U","U","U","9","U","U","U","","","","","2"
"2001239031","U","U","U","U","U","U","9","U","U","00000","N","","","","","","","","U","","","","","2"
"2001240248","","","","","","","","","","","","","","","","","","","","U","U","N","U","2"
"2001243095","","","","","","","","","","","","","","","","","","","","U","U","Y","U","2"
"2001243342","","","","","","","","","","","","","","","","","","","","U","U","N","U","2"
"2001243528","","","","","","","","","","","","","","","","","","","","U","U","N","U","2"
"2001243668","","","","","","","","","","","","","","","","","","","","U","U","N","U","2"
"2001243696","","","","","","","","","","","","","","","","","","","","U","U","N","U","2"
"2001244686","U","U","U","U","U","U","9","U","U","00599","N","","","","","","","","U","","","","","1"
"2001244749","","","","","","","","","","","","","","","","","","","","U","U","N","U","2"
"2001244886","","","","","","","","","","","","","","","","","","","","U","U","N","U","1"
"2001248776","","","","","","","","","","","","","","","","","","","","U","U","N","U","1"
"2001248787","U","U","U","U","U","U","9","U","U","00919","N","","","","","","","","U","","","","","2"
"2001252105","U","U","U","U","U","U","9","U","U","00599","N","","","","","","","","U","","","","","1"
"2001254709","","","","","","","","","","","","","","","","","","","","U","U","N","U","2"
"2001259799","","","","","","","","","","","","","","","","","","","","U","U","N","U","2"
"2001266614","","","","","","","","","","","","","","","","","","","","U","U","N","U","2"
"2001288168","","","","","","","","","","","","","","","","","","","","U","U","N","U","1"
"2001400475","U","U","U","U","U","U","9","U","U","01099","Y","U","U","U","U","9","U","U","U","","","","","1"
"2001400745","U","U","U","U","U","U","9","U","U","00600","N","","","","","","","","U","","","","","1"
"2001401405","","","","","","","","","","","","","","","","","","","","U","U","N","U","2"
"2001006983","","","","","","","","","","","","","","","","","","","","U","U","U","U","2"
"2001009115","","","","","","","","","","","","","","","","","","","","U","U","U","U","1"
"2002004033","","","","","","","","","","","","","","","","","","","","U","U","U","U","2"
"2002004254","","","","","","","","","","","","","","","","","","","","U","U","U","U","2"
"2001016935","","","","","","","","","","","","","","","","","","","","U","U","U","U","2"
"2001016964","","","","","","","","","","","","","","","","","","","","U","U","U","U","2"
"2002007943","","","","","","","","","","","","","","","","","","","","U","U","U","U","2"
"2002010558","U","U","U","Y","U","U","9","U","U","00000","U","U","U","U","U","9","U","U","U","","","","","1"
"2002012716","","","","","","","","","","","","","","","","","","","","U","U","U","U","2"
"2002012730","","","","","","","","","","","","","","","","","","","","U","U","U","U","2"
"2002013102","","","","","","","","","","","","","","","","","","","","U","U","U","U","2"
"2002014557","","","","","","","","","","","","","","","","","","","","U","U","U","U","1"
"2002014906","U","U","U","U","U","U","9","U","U","00000","U","U","U","U","U","9","U","U","U","","","","","1"
"2002016715","","","","","","","","","","","","","","","","","","","","U","U","U","U","2"
"2002017541","","","","","","","","","","","","","","","","","","","","U","U","U","U","2"
"2002017552","","","","","","","","","","","","","","","","","","","","U","U","U","U","2"
"2002018892","","","","","","","","","","","","","","","","","","","","U","U","U","U","2"
"2002022069","U","U","U","Y","U","U","9","U","U","00000","U","U","U","U","U","9","U","U","U","","","","","1"
"2002026294","","","","","","","","","","","","","","","","","","","","U","U","U","U","1"
"2002026320","","","","","","","","","","","","","","","","","","","","U","U","U","U","1"
"2001213148","","","","","","","","","","","","","","","","","","","","U","U","N","U","2"
"2001214344","U","U","U","U","U","U","9","U","U","00000","N","","","","","","","","U","","","","","1"
"2002030259","U","U","U","Y","U","U","9","U","U","00000","U","U","U","U","U","9","U","U","U","","","","","1"
"2002031201","","","","","","","","","","","","","","","","","","","","U","U","U","U","2"
"2002032506","U","U","U","Y","U","U","9","U","U","00000","U","U","U","U","U","9","U","U","U","","","","","1"
"2002033565","U","U","U","U","U","U","9","U","U","00000","U","U","U","U","U","9","U","U","U","","","","","1"
"2002035142","U","U","U","Y","U","U","9","U","U","00000","U","U","U","U","U","9","U","U","U","","","","","1"
"2001223789","","","","","","","","","","","","","","","","","","","","U","U","N","U","2"
"2001223940","","","","","","","","","","","","","","","","","","","","U","U","N","U","2"
"2002037347","U","U","U","U","U","U","9","U","U","00000","U","U","U","U","U","9","U","U","U","","","","","1"
"2002039382","U","U","U","U","U","U","9","U","U","00000","Y","U","U","U","U","9","U","U","U","","","","","1"
"2002040426","U","U","U","Y","U","U","9","U","U","00000","U","U","U","U","U","9","U","U","U","","","","","2"
"2001233092","","","","","","","","","","","","","","","","","","","","U","U","N","U","2"
"2001233235","U","U","U","U","U","U","9","U","U","00700","N","","","","","","","","U","","","","","1"
"2001233262","U","U","U","U","U","U","9","U","U","00996","N","","","","","","","","U","","","","","1"
"2001233266","","","","","","","","","","","","","","","","","","","","U","U","N","U","2"
"2002042084","","","","","","","","","","","","","","","","","","","","U","U","U","U","1"
"2002044151","","","","","","","","","","","","","","","","","","","","U","U","U","U","2"
"2001238168","","","","","","","","","","","","","","","","","","","","U","U","N","U","2"
"2001238173","","","","","","","","","","","","","","","","","","","","U","U","N","U","2"
"2001238929","U","U","U","U","U","U","9","U","U","00749","N","","","","","","","","U","","","","","1"
"2001238980","U","U","U","U","U","U","9","U","U","00599","N","","","","","","","","U","","","","","1"
"2001238997","U","U","U","U","U","U","9","U","U","00000","Y","U","U","U","U","9","U","U","U","","","","","1"
"2001239035","","","","","","","","","","","","","","","","","","","","U","U","N","U","2"
"2001239073","","","","","","","","","","","","","","","","","","","","U","U","N","U","2"
"2001239089","","","","","","","","","","","","","","","","","","","","U","U","N","U","1"
"2001239097","U","U","U","U","U","U","9","U","U","00599","N","","","","","","","","U","","","","","2"
"2001240179","","","","","","","","","","","","","","","","","","","","U","U","N","U","2"
"2001243331","","","","","","","","","","","","","","","","","","","","U","U","N","U","2"
"2001243515","","","","","","","","","","","","","","","","","","","","U","U","N","U","2"
"2001243516","","","","","","","","","","","","","","","","","","","","U","U","N","U","1"
"2001243518","U","U","U","U","U","U","9","U","U","00599","N","","","","","","","","U","","","","","1"
"2001244926","","","","","","","","","","","","","","","","","","","","U","U","N","U","2"
"2001248816","U","U","U","U","U","U","9","U","U","01520","Y","U","U","U","U","9","U","U","U","","","","","2"
"2001249418","U","U","U","U","U","U","9","U","U","00249","N","","","","","","","","U","","","","","2"
"2001400306","U","U","U","U","U","U","9","U","U","00000","N","","","","","","","","U","","","","","1"
"2001400416","U","U","U","U","U","U","9","U","U","00900","N","","","","","","","","U","","","","","2"
"2001401367","U","U","U","U","U","U","9","U","U","00000","U","U","U","U","U","9","U","U","U","","","","","1"
"2001007033","","","","","","","","","","","","","","","","","","","","U","U","U","U","2"
"2001014308","","","","","","","","","","","","","","","","","","","","U","U","U","U","2"
"2001016737","","","","","","","","","","","","","","","","","","","","U","U","U","U","2"
"2001019598","","","","","","","","","","","","","","","","","","","","U","U","U","U","2"
"2002006400","U","U","U","U","U","U","9","U","U","00000","U","U","U","U","U","9","U","U","U","","","","","1"
"2002010516","","","","","","","","","","","","","","","","","","","","U","U","U","U","2"
"2002013175","","","","","","","","","","","","","","","","","","","","U","U","U","U","2"
"2002016825","U","U","U","U","U","U","9","U","U","00000","U","U","U","U","U","9","U","U","U","","","","","2"
"2002017185","U","U","U","U","U","U","9","U","U","00000","U","U","U","U","U","9","U","U","U","","","","","1"
"2001207548","","","","","","","","","","","","","","","","","","","","U","U","N","U","1"
"2002017877","","","","","","","","","","","","","","","","","","","","U","U","U","U","2"
"2002018882","","","","","","","","","","","","","","","","","","","","U","U","U","U","1"
"2001209081","","","","","","","","","","","","","","","","","","","","U","U","N","U","2"
"2001209149","","","","","","","","","","","","","","","","","","","","U","U","N","U","2"
"2002024048","U","U","U","U","U","U","9","U","U","99999","N","","","","","","","","U","","","","","1"
"2002025037","","","","","","","","","","","","","","","","","","","","U","U","U","U","2"
"2002025170","","","","","","","","","","","","","","","","","","","","U","U","U","U","2"
"2002026492","U","U","U","U","U","U","9","U","U","00000","U","U","U","U","U","9","U","U","U","","","","","1"
"2002026540","","","","","","","","","","","","","","","","","","","","U","U","U","U","2"
"2002029954","","","","","","","","","","","","","","","","","","","","U","U","U","U","1"
"2002034042","U","U","U","U","U","U","9","U","U","00000","U","U","U","U","U","9","U","U","U","","","","","2"
"2002034674","","","","","","","","","","","","","","","","","","","","U","Y","U","U","2"
"2002035114","U","U","U","U","U","U","9","U","U","00000","U","U","U","U","U","9","U","U","U","","","","","2"
"2002035771","U","U","U","U","U","U","9","U","U","00000","U","U","U","U","U","9","U","U","U","","","","","1"
"2002037295","U","U","U","U","U","U","9","U","U","00000","U","U","U","U","U","9","U","U","U","","","","","2"
"2001233042","","","","","","","","","","","","","","","","","","","","U","U","N","U","2"
"2001233135","","","","","","","","","","","","","","","","","","","","U","U","N","U","2"
"2001233224","","","","","","","","","","","","","","","","","","","","U","U","N","U","2"
"2001233450","","","","","","","","","","","","","","","","","","","","U","U","N","U","2"
"2002045872","U","U","U","U","U","U","9","U","U","00000","U","U","U","U","U","9","U","U","U","","","","","1"
"2001240153","U","U","U","U","U","U","9","U","U","00000","N","","","","","","","","U","","","","","1"
"2001240205","","","","","","","","","","","","","","","","","","","","U","U","N","U","2"
"2001243335","U","U","U","U","U","U","9","U","U","00599","N","","","","","","","","U","","","","","2"
"2001243545","","","","","","","","","","","","","","","","","","","","U","U","N","U","1"
"2001243570","U","U","U","U","U","U","9","U","U","01340","Y","U","U","U","U","9","U","U","U","","","","","1"
"2001243672","","","","","","","","","","","","","","","","","","","","U","U","N","U","2"
"2001243728","","","","","","","","","","","","","","","","","","","","U","U","N","U","2"
"2001244874","","","","","","","","","","","","","","","","","","","","U","U","N","U","2"
"2001249067","","","","","","","","","","","","","","","","","","","","U","U","N","U","2"
"2001265467","U","U","U","U","U","U","9","U","U","00000","N","","","","","","","","U","","","","","1"
"2001288175","","","","","","","","","","","","","","","","","","","","U","U","N","U","1"
"2001400996","U","U","U","U","U","U","9","U","U","00000","N","","","","","","","","U","","","","","1"
"2001401085","U","U","U","U","U","U","9","U","U","00250","N","","","","","","","","U","","","","","1"
"2001007300","U","U","U","Y","U","U","9","U","U","00000","U","U","U","U","U","9","U","U","U","","","","","1"
"2001007413","U","U","U","Y","U","U","9","U","U","00000","U","U","U","U","U","9","U","U","U","","","","","1"
"2002001057","U","U","U","U","U","U","9","U","U","00000","U","U","U","U","U","9","U","U","U","","","","","2"
"2002004016","","","","","","","","","","","","","","","","","","","","U","Y","U","U","2"
"2001019550","","","","","","","","","","","","","","","","","","","","U","U","U","U","1"
"2001019558","","","","","","","","","","","","","","","","","","","","U","U","U","U","1"
"2001019577","U","U","U","Y","U","U","9","U","U","00000","U","U","U","U","U","9","U","U","U","","","","","2"
"2001019638","","","","","","","","","","","","","","","","","","","","U","U","U","U","2"
"2002006398","","","","","","","","","","","","","","","","","","","","U","Y","U","U","2"
"2002012134","","","","","","","","","","","","","","","","","","","","U","U","U","U","2"
"2002014228","","","","","","","","","","","","","","","","","","","","U","U","U","U","2"
"2002014526","U","U","U","U","U","U","9","U","U","00000","U","U","U","U","U","9","U","U","U","","","","","1"
"2002014536","","","","","","","","","","","","","","","","","","","","U","U","U","U","1"
"2002014940","","","","","","","","","","","","","","","","","","","","U","Y","U","U","2"
"2002016686","","","","","","","","","","","","","","","","","","","","U","Y","U","U","2"
"2002016713","U","U","U","U","U","U","9","U","U","00000","Y","U","U","U","U","9","U","U","U","","","","","2"
"2001207273","","","","","","","","","","","","","","","","","","","","U","U","N","U","2"
"2001207373","U","U","U","U","U","U","9","U","U","00250","N","","","","","","","","U","","","","","1"
"2001207374","U","U","U","U","U","U","9","U","U","00000","N","","","","","","","","U","","","","","1"
"2001208951","","","","","","","","","","","","","","","","","","","","U","U","N","U","1"
"2001209301","","","","","","","","","","","","","","","","","","","","U","U","N","U","2"
"2002018886","U","U","U","U","U","U","9","U","U","00000","Y","U","U","U","U","9","U","U","U","","","","","2"
"2002018894","","","","","","","","","","","","","","","","","","","","U","U","U","U","2"
"2002020129","","","","","","","","","","","","","","","","","","","","U","U","U","U","1"
"2002020443","U","U","U","U","U","U","9","U","U","00000","U","U","U","U","U","9","U","U","U","","","","","1"
"2002022055","U","U","U","Y","U","U","9","U","U","00000","U","U","U","U","U","9","U","U","U","","","","","2"
"2001215645","","","","","","","","","","","","","","","","","","","","U","U","N","U","2"
"2002025177","U","U","U","U","U","U","9","U","U","00000","U","U","U","U","U","9","U","U","U","","","","","1"
"2002028575","U","U","U","U","U","U","9","U","U","00000","U","U","U","U","U","9","U","U","U","","","","","1"
"2002031078","","","","","","","","","","","","","","","","","","","","U","U","U","U","2"
"2002031475","U","U","U","U","U","U","9","U","U","00000","Y","U","U","U","U","9","U","U","U","","","","","1"
"2002031578","U","U","U","U","U","U","9","U","U","00000","U","U","U","U","U","9","U","U","U","","","","","1"
"2002032670","","","","","","","","","","","","","","","","","","","","U","U","U","U","2"
"2002035231","U","U","U","U","U","U","9","U","U","00000","U","U","U","U","U","9","U","U","U","","","","","2"
"2001233325","","","","","","","","","","","","","","","","","","","","U","U","N","U","2"
"2001233451","U","U","U","U","U","U","9","U","U","00900","N","","","","","","","","U","","","","","1"
"2002045754","","","","","","","","","","","","","","","","","","","","U","Y","U","U","2"
"2002046259","U","U","U","U","U","U","9","U","U","00000","U","U","U","U","U","9","U","U","U","","","","","1"
"2001238221","","","","","","","","","","","","","","","","","","","","U","U","N","U","2"
"2001238286","","","","","","","","","","","","","","","","","","","","U","U","N","U","2"
"2001238982","","","","","","","","","","","","","","","","","","","","U","U","N","U","1"
"2001238983","U","U","U","U","U","U","9","U","U","00000","N","","","","","","","","U","","","","","1"
"2001240060","","","","","","","","","","","","","","","","","","","","U","U","N","U","1"
"2001240239","","","","","","","","","","","","","","","","","","","","U","U","N","U","2"
"2001243263","","","","","","","","","","","","","","","","","","","","U","U","N","U","2"
"2001243329","U","U","U","U","U","U","9","U","U","00749","N","","","","","","","","U","","","","","1"
"2001243571","U","U","U","U","U","U","9","U","U","00750","N","","","","","","","","U","","","","","1"
"2001243657","","","","","","","","","","","","","","","","","","","","U","U","N","U","2"
"2001244656","U","U","U","U","U","U","9","U","U","00929","N","","","","","","","","U","","","","","2"
"2001244720","","","","","","","","","","","","","","","","","","","","U","U","N","U","2"
"2001244912","","","","","","","","","","","","","","","","","","","","U","U","N","U","2"
"2001244913","","","","","","","","","","","","","","","","","","","","U","U","N","U","2"
"2001248838","","","","","","","","","","","","","","","","","","","","U","U","N","U","2"
"2001265953","U","U","U","U","U","U","9","U","U","00929","N","","","","","","","","U","","","","","1"
"2001266712","","","","","","","","","","","","","","","","","","","","U","U","N","U","1"
"2001268098","","","","","","","","","","","","","","","","","","","","U","U","N","U","2"
"2001288210","","","","","","","","","","","","","","","","","","","","U","U","N","U","1"
"2001288281","","","","","","","","","","","","","","","","","","","","U","U","N","U","2"
"2001400381","U","U","U","U","U","U","9","U","U","01299","N","","","","","","","","U","","","","","1"
"2001400616","U","U","U","U","U","U","9","U","U","00929","N","","","","","","","","U","","","","","1"
"2001401415","","","","","","","","","","","","","","","","","","","","U","U","U","U","2"
